,,Country Name,Country Code,Indicator Name,2006,2007,2008,2009,2010,2011,2012,2013,2014,2015,2016
CO2_emission,0,Aruba,ABW,CO2 emissions (metric tons per capita),26.94772597,27.89502282,26.22955267,25.91532206,24.67052887,24.50751622,13.15772231,8.353561008,8.410064178,8.610373679,8.426910901
CO2_emission,1,Afghanistan,AFG,CO2 emissions (metric tons per capita),0.062427532,0.083892806,0.151720912,0.238398541,0.28998763,0.406424217,0.345148783,0.280454641,0.253727945,0.262555711,0.245101422
CO2_emission,2,Angola,AGO,CO2 emissions (metric tons per capita),1.105019027,1.203134,1.185000494,1.234425074,1.244091538,1.262824619,1.361181055,1.295075373,1.664740736,1.240245462,1.202860579
CO2_emission,3,Albania,ALB,CO2 emissions (metric tons per capita),1.302576367,1.322334855,1.484311139,1.495600199,1.578573584,1.803714725,1.697965557,1.697279396,1.90006971,1.602648034,1.577162624
CO2_emission,4,Andorra,AND,CO2 emissions (metric tons per capita),6.746052128,6.519387064,6.427809974,6.121579863,6.122594702,5.867410176,5.916884031,5.901775324,5.832906215,5.969786312,6.072370208
CO2_emission,5,Arab World,ARB,CO2 emissions (metric tons per capita),4.287322663,4.118446523,4.408395616,4.56292492,4.63064477,4.572406668,4.956928314,4.801389535,4.981329527,4.933420267,4.712844702
CO2_emission,6,United Arab Emirates,ARE,CO2 emissions (metric tons per capita),23.34418587,21.97404471,22.1691104,21.25389119,18.55247271,19.18306458,24.04313711,23.99600159,24.54304265,21.02639249,22.04082852
CO2_emission,7,Argentina,ARG,CO2 emissions (metric tons per capita),4.465186021,4.414246417,4.718224428,4.445387803,4.606804136,4.644106454,4.625259616,4.589774171,4.588229602,4.664010748,4.619085482
CO2_emission,8,Armenia,ARM,CO2 emissions (metric tons per capita),1.480035034,1.724327205,1.909411071,1.509669013,1.463068919,1.709501839,1.974479488,1.897040086,1.898719374,1.642004093,1.755976031
CO2_emission,9,American Samoa,ASM,CO2 emissions (metric tons per capita),,,,,,,,,,,
CO2_emission,10,Antigua and Barbuda,ATG,CO2 emissions (metric tons per capita),5.365000484,5.586080499,5.625221026,5.875925115,5.956979597,5.751963519,5.800097335,5.729937934,5.704803267,5.839546416,5.896558655
CO2_emission,11,Australia,AUS,CO2 emissions (metric tons per capita),17.65139831,17.86526004,18.16087566,18.20018196,17.74084505,17.53887776,17.07290468,16.09805289,15.39110908,15.33978358,15.53922046
CO2_emission,12,Austria,AUT,CO2 emissions (metric tons per capita),8.685610489,8.368402844,8.269096686,7.526222825,8.078585585,7.753378093,7.393167086,7.373937404,6.892179661,7.088592233,7.033335706
CO2_emission,13,Azerbaijan,AZE,CO2 emissions (metric tons per capita),4.616299863,3.5553401,4.051383481,3.565668218,3.388225879,3.624593021,3.807914534,3.769492421,3.920792371,3.896406086,3.855347182
CO2_emission,14,Burundi,BDI,CO2 emissions (metric tons per capita),0.024582112,0.023786811,0.023465617,0.02270678,0.035505087,0.047483001,0.042040072,0.04304943,0.039112493,0.039701654,0.047201096
CO2_emission,15,Belgium,BEL,CO2 emissions (metric tons per capita),10.16355441,9.755475498,9.7523272,9.197989292,10.11963524,9.056655467,8.565189829,8.737190336,8.347134375,8.811835806,8.550513254
CO2_emission,16,Benin,BEN,CO2 emissions (metric tons per capita),0.471266952,0.531738861,0.507237101,0.521063069,0.553283259,0.534885417,0.493745251,0.503981273,0.522592065,0.573491445,0.595647727
CO2_emission,17,Burkina Faso,BFA,CO2 emissions (metric tons per capita),0.098375854,0.111924126,0.121819571,0.125211461,0.134881687,0.136812099,0.162867174,0.171614339,0.168273976,0.183849877,0.183287285
CO2_emission,18,Bangladesh,BGD,CO2 emissions (metric tons per capita),0.309163115,0.312205696,0.343895204,0.373296973,0.408083791,0.423609216,0.448127943,0.454664317,0.477335997,0.518850859,0.533298791
CO2_emission,19,Bulgaria,BGR,CO2 emissions (metric tons per capita),6.445333272,6.925435282,6.772087541,5.731193724,5.964900206,6.71637861,6.140537331,5.450695963,5.859433041,6.232579562,5.851501062
CO2_emission,20,Bahrain,BHR,CO2 emissions (metric tons per capita),20.33953035,25.91525689,26.70698996,23.81076404,23.58551891,22.57032933,21.19618937,23.88377367,23.47736317,23.97708643,22.22898097
CO2_emission,21,"Bahamas, The",BHS,CO2 emissions (metric tons per capita),5.372561044,5.325692302,6.871337083,4.594186565,6.725653769,5.007264091,5.244565217,7.820019718,6.341979802,5.389678412,4.725277895
CO2_emission,22,Bosnia and Herzegovina,BIH,CO2 emissions (metric tons per capita),4.664794722,4.691454151,5.368241131,5.541816272,5.741760834,6.5243639,6.174441854,6.187911438,5.578265037,5.414911991,6.451938373
CO2_emission,23,Belarus,BLR,CO2 emissions (metric tons per capita),6.462446658,6.330314039,6.623163555,6.439684267,6.64269666,6.762517349,6.653257675,6.661111872,6.628420401,6.141410885,6.133707568
CO2_emission,24,Belize,BLZ,CO2 emissions (metric tons per capita),1.523044393,1.594214531,1.422230406,1.864645405,1.671656371,1.821080012,1.410384615,1.484980403,1.400941234,1.605245295,1.542847448
CO2_emission,25,Bermuda,BMU,CO2 emissions (metric tons per capita),10.11617563,11.24603933,9.943759288,7.262934975,9.347122413,6.872359209,5.659125282,7.841617821,9.964367957,8.543985775,9.486460947
CO2_emission,26,Bolivia,BOL,CO2 emissions (metric tons per capita),1.602553194,1.290181483,1.361717085,1.403395887,1.511526891,1.595994166,1.813416029,1.816390726,1.898829283,1.84670254,1.958514344
CO2_emission,27,Brazil,BRA,CO2 emissions (metric tons per capita),1.847654542,1.910334175,2.018593476,1.893620024,2.144736395,2.224711944,2.358548364,2.505408788,2.631289885,2.466788048,2.242393446
CO2_emission,28,Barbados,BRB,CO2 emissions (metric tons per capita),4.902954119,4.881438823,5.789738021,5.73979737,5.237995825,5.403566242,5.18317589,5.094918676,4.40310366,4.395403121,4.465128973
CO2_emission,29,Brunei Darussalam,BRN,CO2 emissions (metric tons per capita),13.13240048,22.44413479,24.03617354,20.47909645,21.10681443,24.62749182,24.22676314,19.29518002,22.09494374,17.04874345,18.25638399
CO2_emission,30,Bhutan,BTN,CO2 emissions (metric tons per capita),0.596840632,0.590138612,0.627898805,0.573033791,0.711464428,1.057842371,1.191699343,1.295927562,1.443226953,1.466042293,1.712274453
CO2_emission,31,Botswana,BWA,CO2 emissions (metric tons per capita),2.253041002,2.256363909,2.35260558,1.989774241,2.299366163,2.001436934,2.491951415,2.748646327,3.283177265,2.56084596,2.935373787
CO2_emission,32,Central African Republic,CAF,CO2 emissions (metric tons per capita),0.060551681,0.060272129,0.059209298,0.058332152,0.060186452,0.063071953,0.066125464,0.064305245,0.064892841,0.065290207,0.065457798
CO2_emission,33,Canada,CAN,CO2 emissions (metric tons per capita),17.56133592,17.38715721,16.89745662,15.82542959,15.5055134,15.22379395,14.91382201,14.7988829,15.25547233,15.38895031,15.09005647
CO2_emission,34,Central Europe and the Baltics,CEB,CO2 emissions (metric tons per capita),7.252009717,7.275800003,7.152721928,6.513584199,6.836075428,6.882900239,6.529346338,6.371815607,6.128367841,6.236442512,6.377623318
CO2_emission,35,Switzerland,CHE,CO2 emissions (metric tons per capita),5.611284653,5.046599596,5.296949596,5.393600403,5.002174211,4.699381907,4.733662496,4.998221364,4.357240126,4.30703579,4.117489823
CO2_emission,36,Channel Islands,CHI,CO2 emissions (metric tons per capita),,,,,,,,,,,
CO2_emission,37,Chile,CHL,CO2 emissions (metric tons per capita),3.963081057,4.333797151,4.300340466,3.956216401,4.234476106,4.59822558,4.653625241,4.736431087,4.454138162,4.632585658,4.713171921
CO2_emission,38,China,CHN,CO2 emissions (metric tons per capita),4.980314197,5.082123622,5.701915025,5.677170257,6.560520007,7.241515419,7.424750916,7.557211045,7.543907641,7.398524566,7.175809897
CO2_emission,39,Cote d'Ivoire,CIV,CO2 emissions (metric tons per capita),0.37305611,0.353478286,0.345647505,0.282074856,0.339322893,0.344577055,0.431247827,0.483620536,0.489631014,0.471910597,0.406063977
CO2_emission,40,Cameroon,CMR,CO2 emissions (metric tons per capita),0.211886527,0.311484739,0.287986298,0.339833528,0.33332691,0.301338806,0.280419195,0.227388469,0.299738143,0.340283663,0.346522621
CO2_emission,41,"Congo, Dem. Rep.",COD,CO2 emissions (metric tons per capita),0.028452967,0.030049313,0.03077524,0.028009591,0.031294864,0.03735382,0.034852593,0.050309039,0.063330889,0.037225719,0.025644617
CO2_emission,42,"Congo, Rep.",COG,CO2 emissions (metric tons per capita),0.298636286,0.313142347,0.326342657,0.419298927,0.461621473,0.51231352,0.656941447,0.700438764,0.666519808,0.665272611,0.65889694
CO2_emission,43,Colombia,COL,CO2 emissions (metric tons per capita),1.45692304,1.427394293,1.538558334,1.637733487,1.703569329,1.684662686,1.740315447,1.994489337,1.845535015,1.980399139,2.030378008
CO2_emission,44,Comoros,COM,CO2 emissions (metric tons per capita),0.257569541,0.160026184,0.161805094,0.196081111,0.233942107,0.192025124,0.19756697,0.237376687,0.202812784,0.21697555,0.253503052
CO2_emission,45,Cabo Verde,CPV,CO2 emissions (metric tons per capita),1.008255004,1.065225445,0.976154329,1.077485611,1.131390388,1.234937537,1.001605194,0.974526525,0.948113817,0.943404676,1.021783088
CO2_emission,46,Costa Rica,CRI,CO2 emissions (metric tons per capita),1.633748883,1.844061519,1.821535135,1.748029084,1.653498575,1.591668491,1.565202005,1.627764831,1.635675761,1.549914766,1.637646665
CO2_emission,47,Caribbean small states,CSS,CO2 emissions (metric tons per capita),9.192195653,9.337364913,9.311203421,8.911417215,9.381534665,9.104863593,8.871630777,9.160636601,8.881434882,8.760031353,8.490806856
CO2_emission,48,Cuba,CUB,CO2 emissions (metric tons per capita),2.35365352,2.307209272,2.486661219,2.51245169,3.038892886,2.614653986,2.642483531,2.477553374,2.443066279,2.58233029,2.495218264
CO2_emission,49,Curacao,CUW,CO2 emissions (metric tons per capita),,,,,,,39.44566304,33.89940321,37.72628905,40.48137739,33.76146157
CO2_emission,50,Cayman Islands,CYM,CO2 emissions (metric tons per capita),9.53969255,10.9420811,10.8301694,10.07526843,9.835262564,10.13718511,9.080735439,8.933157579,8.979473442,9.030263755,8.732487334
CO2_emission,51,Cyprus,CYP,CO2 emissions (metric tons per capita),7.449694741,7.704846138,7.930294398,7.386876948,6.92787243,6.601579968,6.096342351,5.199799627,5.260461605,5.287370638,5.662572734
CO2_emission,52,Czech Republic,CZE,CO2 emissions (metric tons per capita),11.9243967,11.97109098,11.23942273,10.31323737,10.76390766,10.28889525,9.832826758,9.702266881,9.231128627,9.468220309,9.673898662
CO2_emission,53,Germany,DEU,CO2 emissions (metric tons per capita),9.914503042,9.496553659,9.490868973,8.797641866,9.267661332,9.091375416,9.177915792,9.398671707,8.895302257,8.900419299,8.840128794
CO2_emission,54,Djibouti,DJI,CO2 emissions (metric tons per capita),0.516892934,0.573643834,0.61089865,0.553711361,0.615387087,0.554126048,0.553343025,0.647635609,0.681419523,0.686063241,0.6670057
CO2_emission,55,Dominica,DMA,CO2 emissions (metric tons per capita),2.022299839,2.589872166,2.329831844,2.277286136,2.431628996,2.171780698,2.325301205,2.375267545,2.476134206,2.472725229,2.519850786
CO2_emission,56,Denmark,DNK,CO2 emissions (metric tons per capita),10.11898393,9.213429503,8.632128791,8.054911965,8.258492419,7.29835805,6.514800847,6.634640099,5.873333894,5.422285595,5.549144642
CO2_emission,57,Dominican Republic,DOM,CO2 emissions (metric tons per capita),2.146017882,2.267220596,2.189791897,2.112115223,2.168401096,2.218164291,2.211814203,2.137089301,2.178516992,2.347495156,2.429209493
CO2_emission,58,Algeria,DZA,CO2 emissions (metric tons per capita),3.004365149,3.202067336,3.173224552,3.435787368,3.312560602,3.30557127,3.477108092,3.525557358,3.735802777,3.854556576,3.69915599
CO2_emission,59,East Asia & Pacific (excluding high income),EAP,CO2 emissions (metric tons per capita),3.961866935,4.039533864,4.492909403,4.4818125,5.088742237,5.579746638,5.708742627,5.746777185,5.710262977,5.682753291,5.562986278
CO2_emission,60,Early-demographic dividend,EAR,CO2 emissions (metric tons per capita),1.930016355,1.974925424,2.081482374,2.131930627,2.123035507,2.174205255,2.260198979,2.187686057,2.273707673,2.341184314,2.34568967
CO2_emission,61,East Asia & Pacific,EAS,CO2 emissions (metric tons per capita),4.661983748,4.756021086,5.147016578,5.089332769,5.686410303,6.134879644,6.25506121,6.290310164,6.232032509,6.187739546,6.071733418
CO2_emission,62,Europe & Central Asia (excluding high income),ECA,CO2 emissions (metric tons per capita),7.800315701,7.899151745,8.010927498,7.281325428,7.767354713,8.098978619,8.155190173,7.865177637,7.711467512,7.484060734,7.583597179
CO2_emission,63,Europe & Central Asia,ECS,CO2 emissions (metric tons per capita),8.025237094,7.962301311,7.906965604,7.235116317,7.543320982,7.511157123,7.4529138,7.247528038,6.959796466,6.865377973,6.882181867
CO2_emission,64,Ecuador,ECU,CO2 emissions (metric tons per capita),2.052671013,2.233048279,2.33000964,2.441287187,2.428931904,2.393286737,2.101982396,2.638983709,2.893262958,2.669044326,2.495570554
CO2_emission,65,"Egypt, Arab Rep.",EGY,CO2 emissions (metric tons per capita),2.323117698,2.417069964,2.493673565,2.548036898,2.449400701,2.572041784,2.5468908,2.425236458,2.519807397,2.429419735,2.525862866
CO2_emission,66,Euro area,EMU,CO2 emissions (metric tons per capita),8.317754571,8.132447198,7.902746655,7.283889642,7.426659572,7.156375347,6.99436984,6.846647273,6.476254786,6.590380058,6.54514044
CO2_emission,67,Eritrea,ERI,CO2 emissions (metric tons per capita),0.188489157,0.188456938,0.132897934,0.161023039,0.158457436,0.180271017,0.198576105,0.198913895,0.214829822,0.207328966,0.210687333
CO2_emission,68,Spain,ESP,CO2 emissions (metric tons per capita),7.88419571,7.920890716,7.165531607,6.216973378,5.816416366,5.788018458,5.660938803,5.084398353,5.033824487,5.393418949,5.249157873
CO2_emission,69,Estonia,EST,CO2 emissions (metric tons per capita),12.00996206,13.69230689,12.72804897,10.72472097,13.35457519,13.63275073,12.96359254,14.66803339,13.82505125,12.43885277,12.60802104
CO2_emission,70,Ethiopia,ETH,CO2 emissions (metric tons per capita),0.07012642,0.074681496,0.079959443,0.078301462,0.074478123,0.079165607,0.091865839,0.109142185,0.126763767,0.136045864,0.143524928
CO2_emission,71,European Union,EUU,CO2 emissions (metric tons per capita),8.078965721,7.92633385,7.716447383,7.097766244,7.286562353,7.081015183,6.859612902,6.70396227,6.361381025,6.449698615,6.468462215
CO2_emission,72,Fragile and conflict affected situations,FCS,CO2 emissions (metric tons per capita),0.998719414,0.918360329,0.994517016,0.970375958,1.048879297,1.028538583,1.034213504,1.036026301,1.03815674,0.979797727,0.988604312
CO2_emission,73,Finland,FIN,CO2 emissions (metric tons per capita),12.4898655,12.05202658,10.72135652,10.00121318,11.54656566,10.51589155,9.05308174,8.671666999,8.647964154,7.775642295,8.34721998
CO2_emission,74,Fiji,FJI,CO2 emissions (metric tons per capita),1.470573882,1.38577596,1.058421195,0.92787918,1.420197065,1.261335643,1.225061816,1.54625997,1.900256563,2.482303682,2.345470364
CO2_emission,75,France,FRA,CO2 emissions (metric tons per capita),5.906266386,5.76638535,5.690501857,5.438357063,5.428980862,5.077911102,5.075062341,5.062171964,4.573459729,,
CO2_emission,76,Faroe Islands,FRO,CO2 emissions (metric tons per capita),14.19473971,14.41497125,13.18954412,12.04231509,13.19119923,11.88518077,12.34009155,14.16510064,12.46290659,12.66824832,13.09289436
CO2_emission,77,"Micronesia, Fed. Sts.",FSM,CO2 emissions (metric tons per capita),1.148427936,1.263950059,1.062457143,1.424423404,0.997716473,1.134306428,1.19302241,1.280884769,1.262764551,1.313310988,1.297581999
CO2_emission,78,Gabon,GAB,CO2 emissions (metric tons per capita),2.917903831,2.796489822,2.752894227,2.711227029,2.955473666,2.938589071,2.890121176,2.906039445,2.826459284,2.701741965,2.649976866
CO2_emission,79,United Kingdom,GBR,CO2 emissions (metric tons per capita),8.89871022,8.617163681,8.440027735,7.569322681,7.84936515,7.073165082,7.351014938,7.109814294,6.497340931,6.220239615,5.776795985
CO2_emission,80,Georgia,GEO,CO2 emissions (metric tons per capita),1.584796154,1.663381913,1.394021592,1.636221401,1.667568685,2.127117929,2.264785831,2.206511985,2.41448868,2.630200823,2.717167113
CO2_emission,81,Ghana,GHA,CO2 emissions (metric tons per capita),0.418167076,0.427956066,0.387804781,0.318896741,0.401777969,0.453974817,0.571706967,0.551821465,0.560735246,0.594373807,0.585289432
CO2_emission,82,Gibraltar,GIB,CO2 emissions (metric tons per capita),12.50974055,12.36300982,12.67534789,13.76558916,13.86657734,13.41904677,13.73244962,14.58441173,15.65746479,17.17411667,18.8040134
CO2_emission,83,Guinea,GIN,CO2 emissions (metric tons per capita),0.203297045,0.206886477,0.224791637,0.227060669,0.255447904,0.266742837,0.242354579,0.211075838,0.213752571,0.236402921,0.255224608
CO2_emission,84,"Gambia, The",GMB,CO2 emissions (metric tons per capita),0.221202743,0.214673555,0.217074088,0.219141873,0.241304353,0.242066243,0.238690485,0.220351162,0.253640982,0.251397985,0.247408381
CO2_emission,85,Guinea-Bissau,GNB,CO2 emissions (metric tons per capita),0.157052834,0.163665577,0.15712789,0.158153972,0.156544829,0.157191765,0.157648792,0.155734209,0.160335469,0.160425788,0.164583657
CO2_emission,86,Equatorial Guinea,GNQ,CO2 emissions (metric tons per capita),10.4284496,9.572641407,7.467416709,7.516219517,7.305717547,9.523729471,6.774336665,7.154038459,6.512062095,5.158919293,4.653235449
CO2_emission,87,Greece,GRC,CO2 emissions (metric tons per capita),8.827796219,8.892293442,8.662824281,8.277892345,7.540183868,7.189762915,7.247671369,6.335945747,6.19952668,6.01244039,5.793848369
CO2_emission,88,Grenada,GRD,CO2 emissions (metric tons per capita),2.201604834,2.265947333,2.39932294,2.391770411,2.450810953,2.369217948,2.525529103,2.81372839,2.155038475,2.375541748,2.427794052
CO2_emission,89,Greenland,GRL,CO2 emissions (metric tons per capita),11.04479163,11.28207939,11.71815083,10.2217389,11.66377295,12.44034101,10.00501672,9.803250536,8.989181988,9.083526393,9.071886235
CO2_emission,90,Guatemala,GTM,CO2 emissions (metric tons per capita),0.938859546,0.919945935,0.811905615,0.828992678,0.799505838,0.795696386,0.80400444,0.858738189,0.911580226,1.017131099,1.059947788
CO2_emission,91,Guam,GUM,CO2 emissions (metric tons per capita),,,,,,,,,,,
CO2_emission,92,Guyana,GUY,CO2 emissions (metric tons per capita),1.729478269,2.092694454,2.086823144,2.094117033,2.29482304,2.369808039,2.640787187,2.549999012,2.632392779,2.628050433,3.090037673
CO2_emission,93,High income,HIC,CO2 emissions (metric tons per capita),12.04584086,12.02090406,11.76410248,11.05610978,11.34992624,11.09835473,10.96568367,10.90768422,10.77257376,10.64899921,10.39275156
CO2_emission,94,"Hong Kong SAR, China",HKG,CO2 emissions (metric tons per capita),6.133325021,6.321536226,6.178951393,5.986852914,5.732656673,6.132927343,6.011231591,6.205228656,6.3281682,5.849054352,5.948891039
CO2_emission,95,Honduras,HND,CO2 emissions (metric tons per capita),0.998130542,1.124259174,1.086643766,0.96592643,0.97434316,1.036450889,1.060544,1.070277152,1.061742673,1.099345588,1.058473626
CO2_emission,96,Heavily indebted poor countries (HIPC),HPC,CO2 emissions (metric tons per capita),0.196311494,0.203428546,0.20628298,0.207771206,0.225934722,0.239315362,0.248882892,0.254146983,0.270339835,0.277641324,0.276852353
CO2_emission,97,Croatia,HRV,CO2 emissions (metric tons per capita),5.24384626,5.528298459,5.242211938,4.916384236,4.696195978,4.652472701,4.228485471,4.136016518,3.988513088,4.118348684,4.189377314
CO2_emission,98,Haiti,HTI,CO2 emissions (metric tons per capita),0.226028956,0.251795831,0.248608108,0.231665885,0.21376934,0.207306006,0.214634184,0.22176863,0.266273568,0.2742825,0.274687476
CO2_emission,99,Hungary,HUN,CO2 emissions (metric tons per capita),5.697822938,5.566989532,5.458021607,4.840111448,5.022311649,4.872551164,4.556968385,4.276339668,4.190127409,4.512673437,4.639973434
CO2_emission,100,IBRD only,IBD,CO2 emissions (metric tons per capita),3.53163319,3.588539307,3.858548124,3.814378959,4.122790955,4.392303661,4.496846295,4.486060517,4.502221752,4.461472463,4.418623637
CO2_emission,101,IDA & IBRD total,IBT,CO2 emissions (metric tons per capita),2.851318468,2.892022447,3.092065486,3.042458745,3.279766605,3.481417834,3.546538276,3.528805083,3.535298489,3.494251617,3.453637128
CO2_emission,102,IDA total,IDA,CO2 emissions (metric tons per capita),0.522618063,0.539961358,0.537460561,0.503280771,0.543394766,0.562766774,0.53914889,0.536814153,0.550867127,0.546941087,0.551236124
CO2_emission,103,IDA blend,IDB,CO2 emissions (metric tons per capita),0.957780247,0.965910794,0.946506657,0.84543172,0.930488575,0.977828797,0.924844422,0.907900279,0.925538236,0.896113285,0.887013216
CO2_emission,104,Indonesia,IDN,CO2 emissions (metric tons per capita),1.504981339,1.616120599,1.769060263,1.870838684,1.772951392,2.080522126,2.131724694,1.648142071,1.450032294,1.984452414,2.153758127
CO2_emission,105,IDA only,IDX,CO2 emissions (metric tons per capita),0.302792898,0.325059461,0.331140885,0.330623423,0.347579116,0.352283207,0.343282136,0.348074658,0.360021764,0.368891694,0.379888948
CO2_emission,106,Isle of Man,IMN,CO2 emissions (metric tons per capita),,,,,,,,,,,
CO2_emission,107,India,IND,CO2 emissions (metric tons per capita),1.118603899,1.189651807,1.306253903,1.427780473,1.393273291,1.468910262,1.590942831,1.585648401,1.723311783,1.784333765,1.817783386
CO2_emission,108,Not classified,INX,CO2 emissions (metric tons per capita),,,,,,,,,,,
CO2_emission,109,Ireland,IRL,CO2 emissions (metric tons per capita),10.09594086,10.10918284,9.596427388,8.925394923,8.784418074,7.780622801,7.737358336,7.542075636,7.300555849,7.636663628,7.930340975
CO2_emission,110,"Iran, Islamic Rep.",IRN,CO2 emissions (metric tons per capita),7.21905887,7.27992527,7.509406008,7.600675899,7.768594359,7.89249315,8.098531382,8.100277761,8.421686716,8.282075184,8.316701233
CO2_emission,111,Iraq,IRQ,CO2 emissions (metric tons per capita),3.59844793,2.22690329,3.281546097,3.608379714,3.772295829,4.453347502,4.843106075,4.994796612,4.842168931,4.702368286,5.191404781
CO2_emission,112,Iceland,ISL,CO2 emissions (metric tons per capita),7.568614994,7.414833454,6.677481144,6.447492771,6.168528586,5.896828979,5.842667656,5.866946294,6.059657407,6.007931926,6.154683862
CO2_emission,113,Israel,ISR,CO2 emissions (metric tons per capita),8.856488368,8.78433448,9.340093039,8.612472881,9.035223254,8.901888279,9.547967764,8.193932998,7.653847633,7.900584122,7.625351861
CO2_emission,114,Italy,ITA,CO2 emissions (metric tons per capita),8.072145596,7.917347216,7.60176497,6.795651486,6.83837457,6.702557614,6.205413858,5.732941879,5.270866786,,
CO2_emission,115,Jamaica,JAM,CO2 emissions (metric tons per capita),4.17369147,3.486543553,3.597300167,2.718932112,2.548213104,2.735396395,2.593359492,2.798953654,2.536806259,2.619266688,2.830147084
CO2_emission,116,Jordan,JOR,CO2 emissions (metric tons per capita),3.52529066,3.522624567,3.256210728,3.175854385,2.916818597,2.827604409,3.021209828,2.871050605,2.978804489,2.827443257,2.628700806
CO2_emission,117,Japan,JPN,CO2 emissions (metric tons per capita),9.657546162,9.777692627,9.462190352,8.632099729,9.156018256,9.312693499,9.634347264,9.76591055,9.480766374,9.153641422,8.944372824
CO2_emission,118,Kazakhstan,KAZ,CO2 emissions (metric tons per capita),12.58362425,14.35971247,14.85305787,13.25676292,15.22798733,15.64629686,14.46941789,15.42931652,14.36783614,13.80005416,13.89268146
CO2_emission,119,Kenya,KEN,CO2 emissions (metric tons per capita),0.254310303,0.25399794,0.257386809,0.302043563,0.28965606,0.311682104,0.282818574,0.292909589,0.309143145,0.35545402,0.36511748
CO2_emission,120,Kyrgyz Republic,KGZ,CO2 emissions (metric tons per capita),1.055464127,1.258434439,1.440269803,1.261546635,1.171873015,1.388440866,1.806948388,1.720789566,1.76327684,1.75381205,1.609873016
CO2_emission,121,Cambodia,KHM,CO2 emissions (metric tons per capita),0.222560526,0.253313204,0.280759695,0.332001098,0.358188238,0.358846655,0.369169716,0.37289047,0.437653585,0.555905459,0.629141866
CO2_emission,122,Kiribati,KIR,CO2 emissions (metric tons per capita),0.699638553,0.607829934,0.668340742,0.54498167,0.570035073,0.525217707,0.482636082,0.4758365,0.536351254,0.561967006,0.58659486
CO2_emission,123,St. Kitts and Nevis,KNA,CO2 emissions (metric tons per capita),4.260980711,4.529150704,4.49070115,4.602707875,4.489196303,4.672565835,4.410897937,4.444583532,4.549806995,4.583391923,4.616688295
CO2_emission,124,"Korea, Rep.",KOR,CO2 emissions (metric tons per capita),9.716605676,10.18156704,10.34742286,10.32010949,11.43631663,11.80296873,11.63282456,11.74920084,11.57034541,11.70939764,12.11106978
CO2_emission,125,Kuwait,KWT,CO2 emissions (metric tons per capita),31.07802552,30.0460336,31.14868474,30.94737447,29.95609021,27.35382032,30.01509382,26.8891593,23.94268372,24.24244895,24.95251303
CO2_emission,126,Latin America & Caribbean (excluding high income),LAC,CO2 emissions (metric tons per capita),2.650958213,2.649375098,2.77302456,2.6857598,2.792493929,2.787119964,2.883982732,2.909840893,2.931603065,2.863588451,2.778044234
CO2_emission,127,Lao PDR,LAO,CO2 emissions (metric tons per capita),0.307356698,0.315815042,0.359627527,0.452662816,0.502886226,0.523975407,0.555922464,0.639635002,0.685930929,1.341977291,2.594704584
CO2_emission,128,Lebanon,LBN,CO2 emissions (metric tons per capita),3.037758682,2.823701625,3.615635351,4.336682162,4.047494872,3.934610617,4.086336812,3.817892305,3.843598231,3.745767203,3.694800615
CO2_emission,129,Liberia,LBR,CO2 emissions (metric tons per capita),0.20707489,0.186426514,0.151442406,0.128936295,0.197892457,0.214500865,0.236743165,0.211474663,0.280944282,0.277142723,0.302199709
CO2_emission,130,Libya,LBY,CO2 emissions (metric tons per capita),9.0490347,8.361671805,9.245049472,9.452084811,9.997526326,6.355021474,8.381464264,8.902413296,9.350737979,8.88024053,7.788506729
CO2_emission,131,St. Lucia,LCA,CO2 emissions (metric tons per capita),2.217304285,2.296810408,2.329472799,2.235702963,2.317086481,2.318717814,2.304252573,2.292998259,2.282928389,2.292821813,2.301754211
CO2_emission,132,Latin America & Caribbean,LCN,CO2 emissions (metric tons per capita),2.782236898,2.794655389,2.91526812,2.821232596,2.935517201,2.941398238,3.032221513,3.060633806,3.069795606,3.009331072,2.922612057
CO2_emission,133,Least developed countries: UN classification,LDC,CO2 emissions (metric tons per capita),0.227663656,0.235797561,0.244185037,0.260079651,0.278232587,0.287765575,0.288088726,0.302332619,0.331658064,0.328037636,0.341969015
CO2_emission,134,Low income,LIC,CO2 emissions (metric tons per capita),0.424009511,0.424241008,0.441204031,0.398926678,0.386454616,0.348702346,0.318067174,0.297719018,0.304233225,0.272805408,0.271829641
CO2_emission,135,Liechtenstein,LIE,CO2 emissions (metric tons per capita),,1.978391118,1.964224296,1.539591905,1.630049453,1.414542749,1.502253175,1.489278172,1.280686672,1.370109421,1.363269425
CO2_emission,136,Sri Lanka,LKA,CO2 emissions (metric tons per capita),0.608064532,0.622623506,0.610861328,0.65473331,0.654610165,0.742076616,0.786362791,0.724493029,0.862657426,0.959155699,1.101846767
CO2_emission,137,Lower middle income,LMC,CO2 emissions (metric tons per capita),1.146359626,1.189283296,1.247415074,1.276053836,1.301684231,1.351820961,1.413122864,1.399992973,1.470085928,1.491534862,1.515452398
CO2_emission,138,Low & middle income,LMY,CO2 emissions (metric tons per capita),2.792343948,2.830892742,3.035807388,2.990124696,3.22645638,3.424843803,3.495110485,3.476625253,3.488358812,3.445789682,3.403969305
CO2_emission,139,Lesotho,LSO,CO2 emissions (metric tons per capita),1.02458015,1.044591584,1.070318032,1.114768324,1.141124815,1.162072116,1.190188537,1.194904756,1.18977047,1.139803819,1.210551224
CO2_emission,140,Late-demographic dividend,LTE,CO2 emissions (metric tons per capita),5.023781997,5.101075371,5.540791199,5.409943446,6.064150337,6.544793899,6.706778639,6.776857951,6.75708299,6.619717196,6.491766623
CO2_emission,141,Lithuania,LTU,CO2 emissions (metric tons per capita),4.329871871,4.693696086,4.69291649,3.958100057,4.348616303,4.553301311,4.629509672,4.273657237,4.378090123,4.504048662,4.519456418
CO2_emission,142,Luxembourg,LUX,CO2 emissions (metric tons per capita),24.01285765,22.95728271,22.38547222,20.87712517,21.6351358,21.01807669,19.95299522,18.49831971,17.36871291,16.24258432,15.44261306
CO2_emission,143,Latvia,LVA,CO2 emissions (metric tons per capita),3.611860039,3.779785259,3.629405756,3.376490018,3.849593455,3.541113332,3.471747548,3.518240904,3.474283046,3.543636572,3.574298418
CO2_emission,144,"Macao SAR, China",MAC,CO2 emissions (metric tons per capita),3.282335525,2.703853831,2.19917941,3.594551672,2.29605235,2.742767305,2.385985721,2.203863367,2.671617464,3.471586238,3.37478216
CO2_emission,145,St. Martin (French part),MAF,CO2 emissions (metric tons per capita),,,,,,,,,,,
CO2_emission,146,Morocco,MAR,CO2 emissions (metric tons per capita),1.539548743,1.613007427,1.677409361,1.643708259,1.730134712,1.729589819,1.78309277,1.749552115,1.751330788,1.767614953,1.744435849
CO2_emission,147,Monaco,MCO,CO2 emissions (metric tons per capita),,,,,,,,,,,
CO2_emission,148,Moldova,MDA,CO2 emissions (metric tons per capita),1.734128215,1.628400075,1.666025445,1.588756037,1.723619573,1.755390262,1.722277788,1.748394371,1.725073242,1.743892638,1.825536995
CO2_emission,149,Madagascar,MDG,CO2 emissions (metric tons per capita),0.089148783,0.093403772,0.094441905,0.08610778,0.09257807,0.110462134,0.123892669,0.138143811,0.139903171,0.150407888,0.156876974
CO2_emission,150,Maldives,MDV,CO2 emissions (metric tons per capita),2.317859946,2.3303796,2.455685219,2.500713077,2.556735223,2.592472963,2.797073284,2.629413874,3.026224383,2.861600519,3.03839853
CO2_emission,151,Middle East & North Africa,MEA,CO2 emissions (metric tons per capita),5.482504662,5.329011854,5.64224396,5.780752671,5.879204687,5.844587591,6.252015665,6.079239216,6.293750144,6.218967436,6.01649233
CO2_emission,152,Mexico,MEX,CO2 emissions (metric tons per capita),4.455657766,4.401555404,4.451117906,4.232033444,4.069560416,4.187104495,4.232175308,4.126499656,4.000652984,3.963191128,3.943827403
CO2_emission,153,Marshall Islands,MHL,CO2 emissions (metric tons per capita),2.169939211,2.224367094,2.284775875,2.34688,2.407107121,2.464948435,2.392210448,2.447328673,2.501145525,2.489823987,2.477058976
CO2_emission,154,Middle income,MIC,CO2 emissions (metric tons per capita),3.018597049,3.064590675,3.291813998,3.249727869,3.515175827,3.741916298,3.827045062,3.813238973,3.830151389,3.791097895,3.749704546
CO2_emission,155,North Macedonia,MKD,CO2 emissions (metric tons per capita),5.30197113,4.596564099,4.548023449,4.203943957,4.154446162,4.490665563,4.249897073,3.78522514,3.628569985,3.414233829,3.388998171
CO2_emission,156,Mali,MLI,CO2 emissions (metric tons per capita),0.081930927,0.095090021,0.110423814,0.122472839,0.131335414,0.139214949,0.143884924,0.164068955,0.176050093,0.18168062,0.176967052
CO2_emission,157,Malta,MLT,CO2 emissions (metric tons per capita),6.351303206,6.698844917,6.252313871,6.009770242,6.174949579,6.122413926,6.38190073,5.509534776,5.400613957,3.641844904,2.947412574
CO2_emission,158,Myanmar,MMR,CO2 emissions (metric tons per capita),0.26070104,0.259460989,0.196460952,0.203818034,0.260019433,0.297009754,0.233869445,0.252328593,0.312686183,0.423286251,0.476580079
CO2_emission,159,Middle East & North Africa (excluding high income),MNA,CO2 emissions (metric tons per capita),3.626494987,3.580902503,3.762557167,3.837303717,3.850970223,3.864316597,3.96647872,3.953646771,4.054247062,3.957301335,3.984350242
CO2_emission,160,Montenegro,MNE,CO2 emissions (metric tons per capita),3.35680826,3.3402671,4.225880069,2.722253491,3.913105317,3.885342029,3.568908203,3.465075249,3.390947396,3.601228946,3.240945327
CO2_emission,161,Mongolia,MNG,CO2 emissions (metric tons per capita),3.671505548,4.651220979,4.574174607,4.900220884,5.081415981,7.76058183,12.41720091,15.13860091,10.07889064,7.765857501,8.300172198
CO2_emission,162,Northern Mariana Islands,MNP,CO2 emissions (metric tons per capita),,,,,,,,,,,
CO2_emission,163,Mozambique,MOZ,CO2 emissions (metric tons per capita),0.093935942,0.10439284,0.101730354,0.110515923,0.116251552,0.133262831,0.125514265,0.164407778,0.320857023,0.239883238,0.285402032
CO2_emission,164,Mauritania,MRT,CO2 emissions (metric tons per capita),0.517307721,0.575953539,0.587389624,0.625681431,0.640167478,0.665402951,0.714295273,0.626296728,0.746292957,0.715038995,0.657914406
CO2_emission,165,Mauritius,MUS,CO2 emissions (metric tons per capita),2.94193012,2.97588958,3.029991456,2.97492202,3.132082534,3.129998786,3.15928885,3.233909584,3.338569663,3.337055532,3.442148744
CO2_emission,166,Malawi,MWI,CO2 emissions (metric tons per capita),0.072358084,0.074209594,0.081204613,0.079423109,0.072131361,0.078182345,0.075502639,0.07501028,0.064607656,0.068761849,0.075448776
CO2_emission,167,Malaysia,MYS,CO2 emissions (metric tons per capita),6.873850854,6.91670063,7.491255509,7.170571162,7.781705461,7.692763993,7.523944464,8.025773738,8.125176355,7.757390697,8.091591623
CO2_emission,168,North America,NAC,CO2 emissions (metric tons per capita),18.94149935,19.03617654,18.30597337,17.02423401,17.24970193,16.74544201,16.0640493,16.2044517,16.29909034,15.92830624,15.45968067
CO2_emission,169,Namibia,NAM,CO2 emissions (metric tons per capita),1.183073042,1.176940704,1.627668966,1.47487463,1.464118206,1.312617743,1.542129431,1.177178074,1.645240892,1.72348227,1.793035405
CO2_emission,170,New Caledonia,NCL,CO2 emissions (metric tons per capita),11.5415228,12.30763218,11.8129516,12.00217524,14.3302983,13.99904462,14.11582625,14.64574625,18.23581794,17.44651982,19.26650154
CO2_emission,171,Niger,NER,CO2 emissions (metric tons per capita),0.049000595,0.049191649,0.053138279,0.061104581,0.071272972,0.077776196,0.099118183,0.102454219,0.106730938,0.10138412,0.097016004
CO2_emission,172,Nigeria,NGA,CO2 emissions (metric tons per capita),0.689210721,0.648277791,0.63876777,0.49298093,0.72017502,0.808854639,0.711652786,0.723832436,0.737682613,0.640003154,0.647284835
CO2_emission,173,Nicaragua,NIC,CO2 emissions (metric tons per capita),0.81071185,0.823918906,0.780318493,0.783753481,0.778851026,0.82744566,0.771706299,0.730078777,0.761728045,0.85675918,0.887087256
CO2_emission,174,Netherlands,NLD,CO2 emissions (metric tons per capita),11.02471152,10.83085628,10.80059235,10.5260173,11.1556698,10.52558115,10.25164647,10.33210263,10.01385146,10.18257362,10.02797271
CO2_emission,175,Norway,NOR,CO2 emissions (metric tons per capita),9.495835691,9.57484966,11.67958325,11.46182886,10.10866816,8.5591427,8.866872117,9.495202892,9.328763622,9.09928715,7.836962479
CO2_emission,176,Nepal,NPL,CO2 emissions (metric tons per capita),0.098333647,0.099102169,0.128299599,0.161228574,0.187197028,0.204630508,0.21697773,0.246574529,0.298463303,0.231435418,0.333997918
CO2_emission,177,Nauru,NRU,CO2 emissions (metric tons per capita),4.477411477,4.471042471,4.448892933,4.058456585,4.3982009,4.010838222,3.924214418,4.066537289,4.021851008,3.821322645,3.653230133
CO2_emission,178,New Zealand,NZL,CO2 emissions (metric tons per capita),7.992808632,7.963774563,8.029041035,7.527296054,7.298263038,7.181765967,7.744781198,7.528655366,7.684949553,7.591408926,7.325874031
CO2_emission,179,OECD members,OED,CO2 emissions (metric tons per capita),10.61711551,10.6144653,10.34141632,9.649131804,9.871649407,9.668896136,9.463426227,9.437095261,9.249743572,9.124386547,8.980592123
CO2_emission,180,Oman,OMN,CO2 emissions (metric tons per capita),15.34572401,16.63369322,15.52397542,14.2909405,15.59066447,16.6188198,17.05486804,16.4794652,15.20154274,15.32246187,14.16707578
CO2_emission,181,Other small states,OSS,CO2 emissions (metric tons per capita),6.335871803,6.728933826,6.738378664,6.437861345,6.681455408,6.948723708,7.196495737,6.874011153,7.599434555,7.257408486,7.041731198
CO2_emission,182,Pakistan,PAK,CO2 emissions (metric tons per capita),0.890578012,0.946883805,0.926721426,0.904916986,0.944500917,0.93604803,0.908401634,0.914224403,0.933991503,0.945421162,0.987832348
CO2_emission,183,Panama,PAN,CO2 emissions (metric tons per capita),2.202362792,2.115040935,2.134787686,2.402514238,2.535812986,2.738514112,2.659836939,3.033654574,2.847076691,2.804430253,2.654140941
CO2_emission,184,Peru,PER,CO2 emissions (metric tons per capita),1.022117777,1.237818926,1.447808278,1.808368593,2.000399515,1.705166544,1.872846682,1.572399054,1.705884134,1.727431902,1.856501313
CO2_emission,185,Philippines,PHL,CO2 emissions (metric tons per capita),0.770210952,0.807223734,0.867515185,0.847209115,0.903376523,0.896778088,0.932851035,0.993972462,1.039832564,1.146965321,1.179649658
CO2_emission,186,Palau,PLW,CO2 emissions (metric tons per capita),11.63531218,13.20717194,10.97904192,10.8295324,11.64126984,12.19233587,12.2649093,12.49687606,12.69074095,12.6627229,12.61985896
CO2_emission,187,Papua New Guinea,PNG,CO2 emissions (metric tons per capita),0.648231242,0.898907309,0.68754269,0.712893308,0.651587229,0.713063221,0.665547591,0.675169763,0.739239066,0.922655106,0.911013497
CO2_emission,188,Poland,POL,CO2 emissions (metric tons per capita),8.362097463,8.244183742,8.258160054,7.800914342,8.313376825,8.329235611,7.879541044,7.948017671,7.522360976,7.520039008,7.875581533
CO2_emission,189,Pre-demographic dividend,PRE,CO2 emissions (metric tons per capita),0.466322467,0.408002555,0.449586603,0.439801549,0.5078473,0.568228137,0.562620171,0.57657866,0.59740106,0.562354359,0.580670839
CO2_emission,190,Puerto Rico,PRI,CO2 emissions (metric tons per capita),,,,,,,,,,,
CO2_emission,191,"Korea, Dem. Peopleâ€™s Rep.",PRK,CO2 emissions (metric tons per capita),3.19688596,2.655309496,2.926040745,2.225117989,2.068405565,1.499146915,1.547494957,1.115274977,1.251077232,1.009509196,1.117585629
CO2_emission,192,Portugal,PRT,CO2 emissions (metric tons per capita),5.684705076,5.705207852,5.268402206,5.126323978,4.552752646,4.510827218,4.37605313,4.344029312,4.293477531,4.755594668,4.720545309
CO2_emission,193,Paraguay,PRY,CO2 emissions (metric tons per capita),0.674088976,0.689576784,0.73203771,0.740066308,0.815799245,0.840043758,0.822882056,0.834756314,0.864029477,0.942414767,1.092871037
CO2_emission,194,West Bank and Gaza,PSE,CO2 emissions (metric tons per capita),0.665291777,0.665297084,0.571696311,0.5665855,0.537532609,0.57890268,0.552814348,0.598167688,0.680083232,0.704186233,0.740606555
CO2_emission,195,Pacific island small states,PSS,CO2 emissions (metric tons per capita),1.099644956,1.102513126,0.943327181,0.912425205,1.079640319,1.019066392,0.9875828,1.111550407,1.263266751,1.471051573,1.411030073
CO2_emission,196,Post-demographic dividend,PST,CO2 emissions (metric tons per capita),11.88533002,11.87215338,11.56204489,10.77351994,11.07357031,10.79597992,10.56973168,10.5407045,10.32390732,10.14810256,9.938641612
CO2_emission,197,French Polynesia,PYF,CO2 emissions (metric tons per capita),2.99249454,2.917174493,2.999579643,2.999913291,3.013916046,2.890335378,2.794574681,2.807955521,2.712747281,2.806062448,2.80458891
CO2_emission,198,Qatar,QAT,CO2 emissions (metric tons per capita),62.06618488,51.93367224,45.13478159,41.82722076,39.05970823,39.50920515,42.86037538,36.38791752,43.52329337,41.64216221,38.90147093
CO2_emission,199,Romania,ROU,CO2 emissions (metric tons per capita),4.876469678,4.895132266,4.692067363,4.005210952,3.922213561,4.23221901,4.074315455,3.550167079,3.490367336,3.61914154,3.515261924
CO2_emission,200,Russian Federation,RUS,CO2 emissions (metric tons per capita),11.66911318,11.67245445,12.01450516,11.02385569,11.69434657,12.33487755,12.62026928,12.12085015,12.07751769,11.78522038,11.99943207
CO2_emission,201,Rwanda,RWA,CO2 emissions (metric tons per capita),0.058390835,0.060103365,0.056980845,0.058850305,0.058807364,0.064481265,0.070213897,0.07563592,0.07642592,0.084505937,0.095533926
CO2_emission,202,South Asia,SAS,CO2 emissions (metric tons per capita),0.978680264,1.039192498,1.129499729,1.223999922,1.20673417,1.267528632,1.357808294,1.352994259,1.461923687,1.512009625,1.545259606
CO2_emission,203,Saudi Arabia,SAU,CO2 emissions (metric tons per capita),17.66403491,15.39742391,16.61645475,17.61021255,18.90824847,17.68372988,19.37365993,18.00340041,19.44066648,20.40225162,17.36758781
CO2_emission,204,Sudan,SDN,CO2 emissions (metric tons per capita),,,,,,,0.40455376,0.417417739,0.417028724,0.509382142,0.501909734
CO2_emission,205,Senegal,SEN,CO2 emissions (metric tons per capita),0.415596435,0.443350349,0.424289035,0.382899379,0.610870294,0.642029816,0.590463462,0.611946233,0.661495375,0.729704491,0.727113125
CO2_emission,206,Singapore,SGP,CO2 emissions (metric tons per capita),6.997632098,4.342606098,7.466761968,11.75775553,11.48769878,9.020910209,9.410410138,10.39280429,10.35594282,11.10236022,6.694046297
CO2_emission,207,Solomon Islands,SLB,CO2 emissions (metric tons per capita),0.343010905,0.365111393,0.356967181,0.348776449,0.354292134,0.338583361,0.329728233,0.340169953,0.33104744,0.316163669,0.272315022
CO2_emission,208,Sierra Leone,SLE,CO2 emissions (metric tons per capita),0.125814065,0.107139285,0.108211601,0.104057657,0.113171356,0.136885898,0.153506825,0.1736274,0.186560088,0.148788315,0.149104947
CO2_emission,209,El Salvador,SLV,CO2 emissions (metric tons per capita),1.125542508,1.14289521,1.066891681,1.046321459,1.044262214,1.070477129,1.068134217,0.994280785,0.998428944,1.082975765,1.1278829
CO2_emission,210,San Marino,SMR,CO2 emissions (metric tons per capita),,,,,,,,,,,
CO2_emission,211,Somalia,SOM,CO2 emissions (metric tons per capita),0.05518945,0.054938209,0.052766349,0.051010131,0.050846475,0.049480774,0.047872402,0.048280633,0.046986287,0.04571391,0.045496236
CO2_emission,212,Serbia,SRB,CO2 emissions (metric tons per capita),8.239355392,8.10193903,7.047910798,6.274286701,6.273911614,6.774783563,6.08341611,6.226209679,5.238295195,6.189892639,6.406826438
CO2_emission,213,Sub-Saharan Africa (excluding high income),SSA,CO2 emissions (metric tons per capita),0.893023002,0.900997643,0.916743839,0.880205824,0.881092082,0.900760937,0.859095583,0.851840703,0.891319642,0.831714874,0.830599799
CO2_emission,214,South Sudan,SSD,CO2 emissions (metric tons per capita),,,,,,,0.13161632,0.139880248,0.145569875,0.181371037,0.159441965
CO2_emission,215,Sub-Saharan Africa,SSF,CO2 emissions (metric tons per capita),0.897080065,0.904882051,0.920649946,0.883790428,0.884715946,0.904125545,0.862585445,0.855253661,0.894886668,0.835275249,0.834309684
CO2_emission,216,Small states,SST,CO2 emissions (metric tons per capita),6.599291482,6.909810375,6.895911632,6.58763095,6.867390178,7.003296933,7.137906747,6.959198924,7.455453116,7.187628536,6.96956347
CO2_emission,217,Sao Tome and Principe,STP,CO2 emissions (metric tons per capita),0.521650658,0.507161756,0.492876344,0.521247925,0.548918618,0.556437103,0.603368294,0.591799549,0.580793656,0.570003811,0.595447455
CO2_emission,218,Suriname,SUR,CO2 emissions (metric tons per capita),3.454422393,3.450494052,3.758320087,3.827436902,4.539344126,3.371153843,4.187008889,3.852629752,4.056195981,3.082416443,3.07702303
CO2_emission,219,Slovak Republic,SVK,CO2 emissions (metric tons per capita),7.277962961,6.843273815,7.010558568,6.319073237,6.721959562,6.395396289,6.066482246,6.11280356,5.661581328,5.767758994,5.970322225
CO2_emission,220,Slovenia,SVN,CO2 emissions (metric tons per capita),8.094608116,8.049468764,8.58644121,7.491602314,7.485854369,7.384577389,7.133786936,6.743161616,6.053631946,6.072183553,6.117461533
CO2_emission,221,Sweden,SWE,CO2 emissions (metric tons per capita),5.459003216,5.253521937,5.328098275,4.63141136,5.547348052,5.474957121,4.942300828,4.671420785,4.484611458,3.896324042,4.35875184
CO2_emission,222,Eswatini,SWZ,CO2 emissions (metric tons per capita),0.994532339,1.033996003,1.058246861,1.009106667,0.995234951,1.002237806,1.144994663,1.403585996,0.823803379,0.89014206,1.036913457
CO2_emission,223,Sint Maarten (Dutch part),SXM,CO2 emissions (metric tons per capita),,,,,,,20.11345266,19.53355916,19.46132413,,
CO2_emission,224,Seychelles,SYC,CO2 emissions (metric tons per capita),8.669030733,7.546775958,7.970272322,6.006792825,4.942709146,3.732379547,4.775658811,3.669079145,5.338401252,5.259936416,6.390728477
CO2_emission,225,Syrian Arab Republic,SYR,CO2 emissions (metric tons per capita),2.81134785,3.343756549,3.275343328,2.939358639,2.883815863,2.69924891,2.188087381,1.860624448,1.640539063,1.627771232,1.651774073
CO2_emission,226,Turks and Caicos Islands,TCA,CO2 emissions (metric tons per capita),4.865877309,5.430804673,5.52365233,5.626698816,5.613900796,5.493303772,5.38219926,5.384728341,5.59863157,5.707234374,5.91791351
CO2_emission,227,Chad,TCD,CO2 emissions (metric tons per capita),0.075744727,0.07898032,0.082956472,0.081523098,0.083451527,0.066451641,0.071993351,0.072949324,0.073267221,0.070944141,0.069755686
CO2_emission,228,East Asia & Pacific (IDA & IBRD countries),TEA,CO2 emissions (metric tons per capita),3.971734683,4.05727823,4.512902168,4.510492661,5.127014651,5.631312816,5.761212493,5.805046333,5.766244989,5.741287793,5.618534242
CO2_emission,229,Europe & Central Asia (IDA & IBRD countries),TEC,CO2 emissions (metric tons per capita),7.6819007,7.761958421,7.849150461,7.151143661,7.607798673,7.90945354,7.909957069,7.643998058,7.473582553,7.286477422,7.400544027
CO2_emission,230,Togo,TGO,CO2 emissions (metric tons per capita),0.211892491,0.237845036,0.276678743,0.445260993,0.410573777,0.375820713,0.355666909,0.36803288,0.362693064,0.360032243,0.399417466
CO2_emission,231,Thailand,THA,CO2 emissions (metric tons per capita),3.511904525,3.536123162,3.471334905,3.680664073,3.852981518,3.7954794,4.025723762,4.214834224,4.105519506,4.138352218,4.114223358
CO2_emission,232,Tajikistan,TJK,CO2 emissions (metric tons per capita),0.384043566,0.45794198,0.402305848,0.332605316,0.337110559,0.304888204,0.37206278,0.3612508,0.559858657,0.592079302,0.612889431
CO2_emission,233,Turkmenistan,TKM,CO2 emissions (metric tons per capita),10.29328732,11.50742063,11.51415089,10.05212428,11.26147873,12.07311921,12.31475484,12.43590562,12.51776695,12.69909189,12.47358651
CO2_emission,234,Latin America & the Caribbean (IDA & IBRD countries),TLA,CO2 emissions (metric tons per capita),2.76179396,2.77460922,2.89175299,2.79710675,2.901406715,2.916180916,3.009188945,3.041442276,3.050986873,2.986248196,2.901515342
CO2_emission,235,Timor-Leste,TLS,CO2 emissions (metric tons per capita),0.176778181,0.176911825,0.191092549,0.211634429,0.214616428,0.22071489,0.258924584,0.384729839,0.437168056,0.419943292,0.406011541
CO2_emission,236,Middle East & North Africa (IDA & IBRD countries),TMN,CO2 emissions (metric tons per capita),3.659382975,3.613549929,3.798647647,3.874635275,3.889102521,3.902405591,4.006318664,3.993043149,4.094086284,3.995919322,4.023063965
CO2_emission,237,Tonga,TON,CO2 emissions (metric tons per capita),1.261921617,1.108168179,1.170556883,1.270690153,1.1284596,0.991444738,1.035099331,1.117021068,1.125202914,1.200732281,1.269071421
CO2_emission,238,South Asia (IDA & IBRD),TSA,CO2 emissions (metric tons per capita),0.978680264,1.039192498,1.129499729,1.223999922,1.20673417,1.267528632,1.357808294,1.352994259,1.461923687,1.512009625,1.545259606
CO2_emission,239,Sub-Saharan Africa (IDA & IBRD countries),TSS,CO2 emissions (metric tons per capita),0.897080065,0.904882051,0.920649946,0.883790428,0.884715946,0.904125545,0.862585445,0.855253661,0.894886668,0.835275249,0.834309684
CO2_emission,240,Trinidad and Tobago,TTO,CO2 emissions (metric tons per capita),32.76356808,34.75442871,33.76743457,33.98747928,36.08889453,35.12550948,33.77371196,34.3782943,33.96103108,33.75508491,31.84485149
CO2_emission,241,Tunisia,TUN,CO2 emissions (metric tons per capita),2.253858217,2.339754109,2.383767796,2.355086515,2.600803611,2.422390866,2.489516274,2.526032939,2.605932406,2.705982827,2.64840154
CO2_emission,242,Turkey,TUR,CO2 emissions (metric tons per capita),3.80492901,4.093144465,4.032738479,3.935469367,4.096888453,4.372357933,4.386124614,4.285926545,4.478823888,4.461231155,4.669466686
CO2_emission,243,Tuvalu,TUV,CO2 emissions (metric tons per capita),0.724703557,1.076313472,1.066608493,1.055353031,0.69648623,0.68973949,1.024397057,1.013263332,1.002643092,0.991170376,0.980044543
CO2_emission,244,Tanzania,TZA,CO2 emissions (metric tons per capita),0.152433674,0.144944224,0.146753792,0.137404486,0.160252602,0.177194603,0.202862863,0.230538234,0.231426985,0.251220815,0.225684764
CO2_emission,245,Uganda,UGA,CO2 emissions (metric tons per capita),0.088814596,0.097997791,0.104834308,0.107636295,0.120883274,0.127392876,0.118310285,0.123482382,0.129345873,0.139771241,0.143267095
CO2_emission,246,Ukraine,UKR,CO2 emissions (metric tons per capita),6.976799586,6.907396071,6.723651438,5.64780667,6.641343749,6.265964231,6.487596829,5.976635541,5.046562571,4.34697596,4.493971404
CO2_emission,247,Upper middle income,UMC,CO2 emissions (metric tons per capita),4.750974777,4.81494388,5.216176918,5.122841647,5.633107876,6.046574162,6.171408101,6.1732997,6.153935846,6.07090469,5.979783601
CO2_emission,248,Uruguay,URY,CO2 emissions (metric tons per capita),1.999238889,1.801720058,2.474512315,2.406222572,1.901575191,2.304301301,2.573105623,2.238430313,1.984240835,1.963537904,1.975862788
CO2_emission,249,United States,USA,CO2 emissions (metric tons per capita),19.09406652,19.21789784,18.46176387,17.15773779,17.4431109,16.91520177,16.19342933,16.36222413,16.41657591,15.98986626,15.50220398
CO2_emission,250,Uzbekistan,UZB,CO2 emissions (metric tons per capita),4.541206044,4.473745459,4.538017932,3.858171993,3.647048882,3.874800916,3.889733195,3.417442433,3.420722746,3.288582762,2.882785961
CO2_emission,251,St. Vincent and the Grenadines,VCT,CO2 emissions (metric tons per capita),2.025910886,2.095081,2.097497071,2.878415692,2.032423445,1.828150966,2.33340711,1.924278691,2.021109488,2.015795067,2.010067697
CO2_emission,252,"Venezuela, RB",VEN,CO2 emissions (metric tons per capita),6.355267973,5.946848035,6.530473626,6.459469903,6.693449564,5.931888263,6.540353293,6.176024158,6.161191593,5.714223427,5.500712738
CO2_emission,253,British Virgin Islands,VGB,CO2 emissions (metric tons per capita),7.632269075,7.466642712,7.306740238,7.052183883,7.124487299,7.12189696,7.039616056,6.991541581,7.336782918,7.295760154,7.245307443
CO2_emission,254,Virgin Islands (U.S.),VIR,CO2 emissions (metric tons per capita),,,,,,,,,,,
CO2_emission,255,Vietnam,VNM,CO2 emissions (metric tons per capita),1.214192778,1.227733963,1.368182472,1.476951428,1.622618922,1.712240646,1.588281536,1.622307629,1.824531973,2.032107552,2.057565917
CO2_emission,256,Vanuatu,VUT,CO2 emissions (metric tons per capita),0.222377198,0.451123606,0.424300413,0.525570366,0.512300443,0.544036134,0.455621065,0.414374501,0.583633966,0.486895585,0.527000323
CO2_emission,257,World,WLD,CO2 emissions (metric tons per capita),4.402038301,4.421974357,4.540559633,4.373929011,4.6125941,4.725321399,4.753703545,4.721058586,4.701144585,4.638339053,4.555224176
CO2_emission,258,Samoa,WSM,CO2 emissions (metric tons per capita),0.912310091,0.946733243,0.980465233,1.013334706,1.00574351,1.075831204,1.047226688,1.038281852,1.087388995,1.212776403,1.262955252
CO2_emission,259,Kosovo,XKX,CO2 emissions (metric tons per capita),,,4.266386362,4.650694816,4.745655749,4.672302624,4.395271777,4.441262031,4.005282521,4.702186449,5.031519664
CO2_emission,260,"Yemen, Rep.",YEM,CO2 emissions (metric tons per capita),1.030386492,0.985389791,1.020428239,1.090990014,1.01197481,0.865783086,0.764021452,1.013754066,0.955250966,0.49709107,0.390479572
CO2_emission,261,South Africa,ZAF,CO2 emissions (metric tons per capita),9.236950117,9.498785998,9.979458339,9.967159109,9.17305524,9.179456987,8.794996821,8.553336036,8.882321727,8.376655342,8.480658464
CO2_emission,262,Zambia,ZMB,CO2 emissions (metric tons per capita),0.188267332,0.154270853,0.168958161,0.189799593,0.197823105,0.208411807,0.254266867,0.265078347,0.292412222,0.285427858,0.314182895
CO2_emission,263,Zimbabwe,ZWE,CO2 emissions (metric tons per capita),0.859470259,0.80664939,0.627678197,0.447289081,0.614549238,0.746236404,0.600302734,0.881704578,0.891738608,0.891623872,0.782776886
population,0,Aruba,ABW,"Population, total",100834.0,101222.0,101358.0,101455.0,101669.0,102046.0,102560.0,103159.0,103774.0,104341.0,104872.0
population,1,Afghanistan,AFG,"Population, total",26433049.0,27100536.0,27722276.0,28394813.0,29185507.0,30117413.0,31161376.0,32269589.0,33370794.0,34413603.0,35383128.0
population,2,Angola,AGO,"Population, total",20149901.0,20905363.0,21695634.0,22514281.0,23356246.0,24220661.0,25107931.0,26015780.0,26941779.0,27884381.0,28842484.0
population,3,Albania,ALB,"Population, total",2992547.0,2970017.0,2947314.0,2927519.0,2913021.0,2905195.0,2900401.0,2895092.0,2889104.0,2880703.0,2876101.0
population,4,Andorra,AND,"Population, total",80993.0,82684.0,83862.0,84463.0,84449.0,83747.0,82427.0,80774.0,79213.0,78011.0,77297.0
population,5,Arab World,ARB,"Population, total",322452754.0,330290716.0,338395961.0,346629220.0,354890042.0,363158703.0,371443547.0,379705717.0,387907747.0,396028278.0,404024435.0
population,6,United Arab Emirates,ARE,"Population, total",5300174.0,6168838.0,7089487.0,7917372.0,8549988.0,8946777.0,9141596.0,9197910.0,9214175.0,9262900.0,9360980.0
population,7,Argentina,ARG,"Population, total",39289878.0,39684295.0,40080160.0,40482788.0,40788453.0,41261490.0,41733271.0,42202935.0,42669500.0,43131966.0,43590368.0
population,8,Armenia,ARM,"Population, total",2958307.0,2932618.0,2907618.0,2888092.0,2877319.0,2876538.0,2884229.0,2897584.0,2912403.0,2925553.0,2936146.0
population,9,American Samoa,ASM,"Population, total",59107.0,58365.0,57492.0,56683.0,56079.0,55759.0,55667.0,55713.0,55791.0,55812.0,55741.0
population,10,Antigua and Barbuda,ATG,"Population, total",82704.0,84026.0,85397.0,86746.0,88028.0,89253.0,90409.0,91516.0,92562.0,93566.0,94527.0
population,11,Australia,AUS,"Population, total",20697900.0,20827600.0,21249200.0,21691700.0,22031750.0,22340024.0,22733465.0,23128129.0,23475686.0,23815995.0,24190907.0
population,12,Austria,AUT,"Population, total",8268641.0,8295487.0,8321496.0,8343323.0,8363404.0,8391643.0,8429991.0,8479823.0,8546356.0,8642699.0,8736668.0
population,13,Azerbaijan,AZE,"Population, total",8484550.0,8581300.0,8763400.0,8947243.0,9054332.0,9173082.0,9295784.0,9416801.0,9535079.0,9649341.0,9757812.0
population,14,Burundi,BDI,"Population, total",7607849.0,7862214.0,8126102.0,8397668.0,8675602.0,8958406.0,9245988.0,9540289.0,9844297.0,10160030.0,10487998.0
population,15,Belgium,BEL,"Population, total",10547958.0,10625700.0,10709973.0,10796493.0,10895586.0,11038264.0,11106932.0,11159407.0,11209057.0,11274196.0,11331422.0
population,16,Benin,BEN,"Population, total",8216897.0,8454793.0,8696921.0,8944708.0,9199259.0,9460830.0,9729248.0,10004588.0,10286842.0,10575952.0,10872067.0
population,17,Burkina Faso,BFA,"Population, total",13829176.0,14252021.0,14689725.0,15141098.0,15605217.0,16081911.0,16571246.0,17072775.0,17586017.0,18110624.0,18646378.0
population,18,Bangladesh,BGD,"Population, total",140921167.0,142660376.0,144304167.0,145924797.0,147575430.0,149273778.0,151007807.0,152764676.0,154520167.0,156256276.0,157970840.0
population,19,Bulgaria,BGR,"Population, total",7601022.0,7545338.0,7492561.0,7444443.0,7395599.0,7348328.0,7305888.0,7265115.0,7223938.0,7177991.0,7127822.0
population,20,Bahrain,BHR,"Population, total",958418.0,1035919.0,1114641.0,1185076.0,1240860.0,1278151.0,1299943.0,1315029.0,1336075.0,1371851.0,1425791.0
population,21,"Bahamas, The",BHS,"Population, total",331033.0,337389.0,343681.0,349604.0,354942.0,359577.0,363584.0,367168.0,370633.0,374206.0,377931.0
population,22,Bosnia and Herzegovina,BIH,"Population, total",3765424.0,3762786.0,3754271.0,3735938.0,3705472.0,3661175.0,3604972.0,3542605.0,3482104.0,3429361.0,3386267.0
population,23,Belarus,BLR,"Population, total",9604924.0,9560953.0,9527985.0,9506765.0,9490583.0,9473172.0,9464495.0,9465997.0,9474511.0,9489616.0,9501534.0
population,24,Belize,BLZ,"Population, total",291329.0,299025.0,306823.0,314655.0,322464.0,330237.0,338000.0,345715.0,353366.0,360933.0,368400.0
population,25,Bermuda,BMU,"Population, total",64523.0,64888.0,65273.0,65636.0,65124.0,64564.0,64798.0,65001.0,65138.0,65237.0,64554.0
population,26,Bolivia,BOL,"Population, total",9395446.0,9558439.0,9721454.0,9884781.0,10048590.0,10212954.0,10377676.0,10542376.0,10706517.0,10869730.0,11031813.0
population,27,Brazil,BRA,"Population, total",188167356.0,190130443.0,192030362.0,193886508.0,195713635.0,197514534.0,199287296.0,201035903.0,202763735.0,204471769.0,206163058.0
population,28,Barbados,BRB,"Population, total",277477.0,278700.0,279946.0,281104.0,282131.0,282987.0,283700.0,284296.0,284825.0,285324.0,285796.0
population,29,Brunei Darussalam,BRN,"Population, total",370263.0,374965.0,379421.0,383906.0,388646.0,393688.0,398989.0,404421.0,409769.0,414907.0,419800.0
population,30,Bhutan,BTN,"Population, total",657410.0,664876.0,671613.0,678323.0,685503.0,693298.0,701583.0,710238.0,719056.0,727876.0,736709.0
population,31,Botswana,BWA,"Population, total",1835908.0,1875459.0,1915639.0,1953498.0,1987105.0,2015402.0,2039551.0,2062536.0,2088614.0,2120716.0,2159944.0
population,32,Central African Republic,CAF,"Population, total",4118069.0,4198010.0,4273366.0,4337625.0,4386768.0,4418636.0,4436415.0,4447942.0,4464175.0,4493170.0,4537687.0
population,33,Canada,CAN,"Population, total",32571174.0,32889025.0,33247118.0,33628895.0,34004889.0,34339328.0,34714222.0,35082954.0,35437435.0,35702908.0,36109487.0
population,34,Central Europe and the Baltics,CEB,"Population, total",105772481.0,105378748.0,105001883.0,104800475.0,104421447.0,104174038.0,103935318.0,103713726.0,103496179.0,103257886.0,102994278.0
population,35,Switzerland,CHE,"Population, total",7483934.0,7551117.0,7647675.0,7743831.0,7824909.0,7912398.0,7996861.0,8089346.0,8188649.0,8282396.0,8373338.0
population,36,Channel Islands,CHI,"Population, total",153008.0,154636.0,156433.0,158178.0,159734.0,160998.0,162056.0,163038.0,164100.0,165385.0,166923.0
population,37,Chile,CHL,"Population, total",16354504.0,16530195.0,16708258.0,16886186.0,17062536.0,17233576.0,17400347.0,17571507.0,17758959.0,17969353.0,18209068.0
population,38,China,CHN,"Population, total",1311020000.0,1317885000.0,1324655000.0,1331260000.0,1337705000.0,1344130000.0,1350695000.0,1357380000.0,1364270000.0,1371220000.0,1378665000.0
population,39,Cote d'Ivoire,CIV,"Population, total",18754916.0,19171237.0,19605569.0,20059147.0,20532950.0,21028655.0,21547188.0,22087505.0,22647683.0,23226143.0,23822714.0
population,40,Cameroon,CMR,"Population, total",18223674.0,18730282.0,19252666.0,19789919.0,20341241.0,20906388.0,21485266.0,22077298.0,22681858.0,23298368.0,23926539.0
population,41,"Congo, Dem. Rep.",COD,"Population, total",56578037.0,58453683.0,60411195.0,62448574.0,64563854.0,66755153.0,69020747.0,71358807.0,73767447.0,76244544.0,78789127.0
population,42,"Congo, Rep.",COG,"Population, total",3745141.0,3876119.0,4011486.0,4145391.0,4273731.0,4394844.0,4510198.0,4622761.0,4736974.0,4856095.0,4980999.0
population,43,Colombia,COL,"Population, total",43200901.0,43737512.0,44254972.0,44750054.0,45222699.0,45662747.0,46075721.0,46495492.0,46967706.0,47520667.0,48175048.0
population,44,Comoros,COM,"Population, total",626425.0,641620.0,657229.0,673252.0,689692.0,706569.0,723871.0,741505.0,759390.0,777424.0,795592.0
population,45,Cabo Verde,CPV,"Population, total",469170.0,475060.0,480842.0,486671.0,492654.0,498856.0,505235.0,511748.0,518269.0,524743.0,531146.0
population,46,Costa Rica,CRI,"Population, total",4345412.0,4404628.0,4463125.0,4520740.0,4577378.0,4633086.0,4688000.0,4742107.0,4795396.0,4847804.0,4899345.0
population,47,Caribbean small states,CSS,"Population, total",6788114.0,6833384.0,6878970.0,6925454.0,6973196.0,7022380.0,7072661.0,7123333.0,7173442.0,7222206.0,7269385.0
population,48,Cuba,CUB,"Population, total",11261248.0,11251122.0,11236971.0,11226709.0,11225832.0,11236670.0,11257101.0,11282720.0,11306902.0,11324781.0,11335109.0
population,49,Curacao,CUW,"Population, total",141239.0,144056.0,145880.0,146833.0,148703.0,150831.0,152088.0,153822.0,155909.0,157980.0,159664.0
population,50,Cayman Islands,CYM,"Population, total",50740.0,52280.0,53836.0,55322.0,56672.0,57878.0,58958.0,59932.0,60848.0,61724.0,62569.0
population,51,Cyprus,CYP,"Population, total",1045507.0,1063713.0,1081563.0,1098083.0,1112612.0,1124833.0,1135046.0,1143866.0,1152285.0,1160985.0,1170187.0
population,52,Czech Republic,CZE,"Population, total",10238905.0,10298828.0,10384603.0,10443936.0,10474410.0,10496088.0,10510785.0,10514272.0,10525347.0,10546059.0,10566332.0
population,53,Germany,DEU,"Population, total",82376451.0,82266372.0,82110097.0,81902307.0,81776930.0,80274983.0,80425823.0,80645605.0,80982500.0,81686611.0,82348669.0
population,54,Djibouti,DJI,"Population, total",794563.0,805451.0,816358.0,827823.0,840198.0,853674.0,868136.0,883293.0,898696.0,913993.0,929112.0
population,55,Dominica,DMA,"Population, total",70718.0,70795.0,70827.0,70851.0,70878.0,70916.0,70965.0,71016.0,71085.0,71183.0,71307.0
population,56,Denmark,DNK,"Population, total",5437272.0,5461438.0,5493621.0,5523095.0,5547683.0,5570572.0,5591572.0,5614932.0,5643475.0,5683483.0,5728010.0
population,57,Dominican Republic,DOM,"Population, total",9218686.0,9338861.0,9458075.0,9576737.0,9695121.0,9813210.0,9930911.0,10048224.0,10165178.0,10281680.0,10397743.0
population,58,Algeria,DZA,"Population, total",33641002.0,34166972.0,34730608.0,35333881.0,35977455.0,36661444.0,37383887.0,38140132.0,38923687.0,39728025.0,40551404.0
population,59,East Asia & Pacific (excluding high income),EAP,"Population, total",1909891462.0,1924018226.0,1938057249.0,1952017409.0,1965954304.0,1980035609.0,1994391099.0,2008921191.0,2023597462.0,2038190036.0,2053103802.0
population,60,Early-demographic dividend,EAR,"Population, total",2733278833.0,2776922496.0,2820636594.0,2864298836.0,2907916908.0,2951429046.0,2994364055.0,3037111090.0,3079708551.0,3122156905.0,3164386912.0
population,61,East Asia & Pacific,EAS,"Population, total",2146744075.0,2161785573.0,2177119142.0,2192059415.0,2206884624.0,2221673110.0,2236819053.0,2252046977.0,2267482299.0,2282855831.0,2298486142.0
population,62,Europe & Central Asia (excluding high income),ECA,"Population, total",371318140.0,372332605.0,373751805.0,375674687.0,377835769.0,380165082.0,382509766.0,385088778.0,387660810.0,390295673.0,392870484.0
population,63,Europe & Central Asia,ECS,"Population, total",874157201.0,877300672.0,880829122.0,884469375.0,887926820.0,890162706.0,893788642.0,898060416.0,902406816.0,906707416.0,910904758.0
population,64,Ecuador,ECU,"Population, total",14059384.0,14296557.0,14535739.0,14774424.0,15011117.0,15243883.0,15474102.0,15707474.0,15951838.0,16212020.0,16491115.0
population,65,"Egypt, Arab Rep.",EGY,"Population, total",76873663.0,78232126.0,79636079.0,81134798.0,82761235.0,84529250.0,86422240.0,88404640.0,90424654.0,92442547.0,94447072.0
population,66,Euro area,EMU,"Population, total",330922789.0,332645165.0,334274725.0,335360890.0,336151479.0,335419643.0,336159194.0,337302113.0,338462222.0,339488380.0,340481753.0
population,67,Eritrea,ERI,"Population, total",2918205.0,2996536.0,3062779.0,3119920.0,3170435.0,3213972.0,,,,,
population,68,Spain,ESP,"Population, total",44397319.0,45226803.0,45954106.0,46362946.0,46576897.0,46742697.0,46773055.0,46620045.0,46480882.0,46444832.0,46484062.0
population,69,Estonia,EST,"Population, total",1346810.0,1340680.0,1337090.0,1334515.0,1331475.0,1327439.0,1322696.0,1317997.0,1314545.0,1315407.0,1315790.0
population,70,Ethiopia,ETH,"Population, total",78489206.0,80674348.0,82916235.0,85233913.0,87639964.0,90139927.0,92726971.0,95385785.0,98094253.0,100835458.0,103603501.0
population,71,European Union,EUU,"Population, total",436998049.0,438468400.0,439876674.0,440917800.0,441532412.0,440746976.0,441395932.0,442469471.0,443576663.0,444543759.0,445487728.0
population,72,Fragile and conflict affected situations,FCS,"Population, total",587009010.0,601759996.0,616786947.0,632127588.0,647810261.0,663884474.0,680326998.0,697006260.0,713739741.0,730424930.0,747004599.0
population,73,Finland,FIN,"Population, total",5266268.0,5288720.0,5313399.0,5338871.0,5363352.0,5388272.0,5413971.0,5438972.0,5461512.0,5479531.0,5495303.0
population,74,Fiji,FJI,"Population, total",827870.0,836190.0,845361.0,853637.0,859818.0,863449.0,865069.0,865608.0,866453.0,868627.0,872399.0
population,75,France,FRA,"Population, total",63621381.0,64016225.0,64374984.0,64707040.0,65027507.0,65342780.0,65659809.0,65998687.0,66312067.0,66548272.0,66724104.0
population,76,Faroe Islands,FRO,"Population, total",47792.0,47825.0,47820.0,47808.0,47814.0,47823.0,47843.0,47892.0,47960.0,48051.0,48173.0
population,77,"Micronesia, Fed. Sts.",FSM,"Population, total",105371.0,104444.0,103543.0,102975.0,102911.0,103450.0,104506.0,105926.0,107446.0,108895.0,110215.0
population,78,Gabon,GAB,"Population, total",1430152.0,1472575.0,1518540.0,1568928.0,1624140.0,1684635.0,1749682.0,1817071.0,1883800.0,1947686.0,2007873.0
population,79,United Kingdom,GBR,"Population, total",60846820.0,61322463.0,61806995.0,62276270.0,62766365.0,63258810.0,63700215.0,64128273.0,64602298.0,65116219.0,65611593.0
population,80,Georgia,GEO,"Population, total",3880347.0,3860158.0,3848449.0,3814419.0,3786695.0,3756441.0,3728874.0,3717668.0,3719414.0,3725276.0,3727505.0
population,81,Ghana,GHA,"Population, total",22379055.0,22963946.0,23563825.0,24170940.0,24779619.0,25387710.0,25996449.0,26607642.0,27224472.0,27849205.0,28481946.0
population,82,Gibraltar,GIB,"Population, total",33417.0,33517.0,33559.0,33565.0,33585.0,33612.0,33646.0,33692.0,33725.0,33736.0,33737.0
population,83,Guinea,GIN,"Population, total",9307425.0,9518162.0,9738792.0,9964469.0,10192176.0,10420471.0,10652029.0,10892810.0,11150977.0,11432088.0,11738441.0
population,84,"Gambia, The",GMB,"Population, total",1591445.0,1639848.0,1689285.0,1740279.0,1793196.0,1848147.0,1905011.0,1963711.0,2024042.0,2085860.0,2149139.0
population,85,Guinea-Bissau,GNB,"Population, total",1377581.0,1411543.0,1446936.0,1483921.0,1522599.0,1562989.0,1604979.0,1648257.0,1692439.0,1737202.0,1782437.0
population,86,Equatorial Guinea,GNQ,"Population, total",784496.0,821687.0,860840.0,901599.0,943639.0,986853.0,1031191.0,1076413.0,1122276.0,1168568.0,1215179.0
population,87,Greece,GRC,"Population, total",11020362.0,11048473.0,11077841.0,11107017.0,11121341.0,11104899.0,11045011.0,10965211.0,10892413.0,10820883.0,10775971.0
population,88,Grenada,GRD,"Population, total",104933.0,105190.0,105456.0,105789.0,106233.0,106796.0,107446.0,108170.0,108902.0,109599.0,110261.0
population,89,Greenland,GRL,"Population, total",56774.0,56555.0,56328.0,56323.0,56905.0,56890.0,56810.0,56483.0,56295.0,56114.0,56186.0
population,90,Guatemala,GTM,"Population, total",13213330.0,13477017.0,13739299.0,14000190.0,14259687.0,14521515.0,14781942.0,15043981.0,15306316.0,15567419.0,15827690.0
population,91,Guam,GUM,"Population, total",158648.0,158847.0,159036.0,159226.0,159444.0,159692.0,159996.0,160407.0,161016.0,161853.0,162951.0
population,92,Guyana,GUY,"Population, total",746343.0,746474.0,746817.0,747718.0,749436.0,752028.0,755399.0,759285.0,763380.0,767432.0,771366.0
population,93,High income,HIC,"Population, total",1145660099.0,1154287212.0,1163465944.0,1171805563.0,1179329058.0,1184722242.0,1191504221.0,1198364438.0,1205404811.0,1212252370.0,1219052243.0
population,94,"Hong Kong SAR, China",HKG,"Population, total",6857100.0,6916300.0,6957800.0,6972800.0,7024200.0,7071600.0,7150100.0,7178900.0,7229500.0,7291300.0,7336600.0
population,95,Honduras,HND,"Population, total",7634298.0,7808518.0,7980955.0,8150775.0,8317470.0,8480671.0,8640691.0,8798521.0,8955589.0,9112916.0,9270795.0
population,96,Heavily indebted poor countries (HIPC),HPC,"Population, total",558909236.0,574560260.0,590590368.0,607115564.0,624219326.0,641921311.0,660193774.0,679012664.0,698336451.0,718128416.0,738387254.0
population,97,Croatia,HRV,"Population, total",4311159.0,4310217.0,4309705.0,4305181.0,4295427.0,4280622.0,4267558.0,4255689.0,4238389.0,4203604.0,4174349.0
population,98,Haiti,HTI,"Population, total",9344785.0,9495328.0,9646580.0,9798046.0,9949322.0,10100320.0,10250930.0,10400673.0,10549008.0,10695542.0,10839970.0
population,99,Hungary,HUN,"Population, total",10071370.0,10055780.0,10038188.0,10022650.0,10000023.0,9971727.0,9920362.0,9893082.0,9866468.0,9843028.0,9814023.0
population,100,IBRD only,IBD,"Population, total",4253873147.0,4296873733.0,4340024679.0,4383703298.0,4427061901.0,4471055917.0,4515490894.0,4560254816.0,4604833828.0,4648915921.0,4692793113.0
population,101,IDA & IBRD total,IBT,"Population, total",5497791204.0,5570347406.0,5643601079.0,5717826465.0,5792408543.0,5867932121.0,5943960591.0,6020877871.0,6098335490.0,6176134809.0,6254597843.0
population,102,IDA total,IDA,"Population, total",1243918057.0,1273473673.0,1303576400.0,1334123167.0,1365346642.0,1396876204.0,1428469697.0,1460623055.0,1493501662.0,1527218888.0,1561804730.0
population,103,IDA blend,IDB,"Population, total",414232526.0,424192635.0,434469613.0,444998521.0,456049562.0,467268096.0,478336539.0,489626543.0,501147849.0,512877243.0,524790731.0
population,104,Indonesia,IDN,"Population, total",229318262.0,232374245.0,235469762.0,238620563.0,241834215.0,245116206.0,248452413.0,251806402.0,255129004.0,258383256.0,261554226.0
population,105,IDA only,IDX,"Population, total",829685531.0,849281038.0,869106787.0,889124646.0,909297080.0,929608108.0,950133158.0,970996512.0,992353813.0,1014341645.0,1037013999.0
population,106,Isle of Man,IMN,"Population, total",81285.0,82408.0,83508.0,84376.0,84857.0,84886.0,84533.0,83976.0,83488.0,83234.0,83287.0
population,107,India,IND,"Population, total",1165486291.0,1183209472.0,1200669765.0,1217726215.0,1234281170.0,1250288729.0,1265782790.0,1280846129.0,1295604184.0,1310152403.0,1324509589.0
population,108,Not classified,INX,"Population, total",,,,,,,,,,,
population,109,Ireland,IRL,"Population, total",4273591.0,4398942.0,4489544.0,4535375.0,4560155.0,4580084.0,4599533.0,4623816.0,4657740.0,4701957.0,4755335.0
population,110,"Iran, Islamic Rep.",IRN,"Population, total",70554760.0,71336475.0,72120604.0,72924837.0,73762519.0,74634956.0,75539862.0,76481943.0,77465753.0,78492215.0,79564016.0
population,111,Iraq,IRQ,"Population, total",27448124.0,27911248.0,28385746.0,28973162.0,29741976.0,30725300.0,31890011.0,33157050.0,34411951.0,35572261.0,36610632.0
population,112,Iceland,ISL,"Population, total",303782.0,311566.0,317414.0,318499.0,318041.0,319014.0,320716.0,323764.0,327386.0,330815.0,335439.0
population,113,Israel,ISR,"Population, total",7053700.0,7180100.0,7308800.0,7485600.0,7623600.0,7765800.0,7910500.0,8059500.0,8215700.0,8380100.0,8546000.0
population,114,Italy,ITA,"Population, total",58143979.0,58438310.0,58826731.0,59095365.0,59277417.0,59379449.0,59539717.0,60233948.0,60789140.0,60730582.0,60627498.0
population,115,Jamaica,JAM,"Population, total",2754407.0,2768227.0,2781876.0,2795837.0,2810460.0,2825929.0,2842132.0,2858709.0,2875136.0,2891021.0,2906238.0
population,116,Jordan,JOR,"Population, total",5991540.0,6255280.0,6556478.0,6893260.0,7261539.0,7663131.0,8090872.0,8520420.0,8920049.0,9266575.0,9551467.0
population,117,Japan,JPN,"Population, total",127854000.0,128001000.0,128063000.0,128047000.0,128070000.0,127833000.0,127629000.0,127445000.0,127276000.0,127141000.0,126994511.0
population,118,Kazakhstan,KAZ,"Population, total",15308084.0,15484192.0,15674000.0,16092822.0,16321872.0,16557201.0,16792089.0,17035550.0,17288285.0,17542806.0,17794055.0
population,119,Kenya,KEN,"Population, total",37649033.0,38705932.0,39791981.0,40901792.0,42030676.0,43178257.0,44343410.0,45519889.0,46699981.0,47878336.0,49051686.0
population,120,Kyrgyz Republic,KGZ,"Population, total",5218400.0,5268400.0,5318700.0,5383300.0,5447900.0,5514600.0,5607200.0,5719600.0,5835500.0,5956900.0,6079500.0
population,121,Cambodia,KHM,"Population, total",13477709.0,13679962.0,13883834.0,14093604.0,14312212.0,14541423.0,14780454.0,15026332.0,15274503.0,15521436.0,15766293.0
population,122,Kiribati,KIR,"Population, total",94343.0,96527.0,98761.0,100930.0,102927.0,104728.0,106370.0,107890.0,109391.0,110930.0,112524.0
population,123,St. Kitts and Nevis,KNA,"Population, total",47333.0,47769.0,48178.0,48599.0,49011.0,49442.0,49881.0,50328.0,50776.0,51204.0,51629.0
population,124,"Korea, Rep.",KOR,"Population, total",48438292.0,48683638.0,49054708.0,49307835.0,49554112.0,49936638.0,50199853.0,50428893.0,50746659.0,51014947.0,51217803.0
population,125,Kuwait,KWT,"Population, total",2373672.0,2504019.0,2656009.0,2821045.0,2991884.0,3168060.0,3348853.0,3526376.0,3690941.0,3835591.0,3956875.0
population,126,Latin America & Caribbean (excluding high income),LAC,"Population, total",533896504.0,540405225.0,546848929.0,553244958.0,559496778.0,565881766.0,572223264.0,578500250.0,584677997.0,590731803.0,596647568.0
population,127,Lao PDR,LAO,"Population, total",5846074.0,5944948.0,6046620.0,6148623.0,6249165.0,6347567.0,6444530.0,6541304.0,6639756.0,6741164.0,6845846.0
population,128,Lebanon,LBN,"Population, total",4759753.0,4767344.0,4764741.0,4813026.0,4953061.0,5202343.0,5538634.0,5914621.0,6262410.0,6532678.0,6711121.0
population,129,Liberia,LBR,"Population, total",3329211.0,3461911.0,3607860.0,3754133.0,3891356.0,4017443.0,4135659.0,4248334.0,4359505.0,4472230.0,4586788.0
population,130,Libya,LBY,"Population, total",5886872.0,5974787.0,6058748.0,6133984.0,6197663.0,6247439.0,6285750.0,6320359.0,6362037.0,6418315.0,6492164.0
population,131,St. Lucia,LCA,"Population, total",165381.0,167639.0,170011.0,172221.0,174085.0,175544.0,176646.0,177513.0,178296.0,179126.0,180024.0
population,132,Latin America & Caribbean,LCN,"Population, total",563337673.0,570091451.0,576783744.0,583430031.0,589932554.0,596538552.0,603096250.0,609598313.0,616001190.0,622301083.0,628488528.0
population,133,Least developed countries: UN classification,LDC,"Population, total",762132501.0,780219542.0,798563392.0,817322629.0,836614860.0,856472234.0,876869863.0,897797478.0,919226401.0,941131317.0,963511276.0
population,134,Low income,LIC,"Population, total",475927007.0,489505419.0,503324676.0,517267751.0,531260028.0,545266258.0,559335524.0,573583598.0,588174709.0,603234541.0,618780841.0
population,135,Liechtenstein,LIE,"Population, total",34970.0,35217.0,35471.0,35727.0,35994.0,36293.0,36615.0,36934.0,37223.0,37470.0,37658.0
population,136,Sri Lanka,LKA,"Population, total",19695972.0,19842044.0,19983984.0,20123508.0,20261737.0,20398670.0,20425000.0,20585000.0,20778000.0,20970000.0,21203000.0
population,137,Lower middle income,LMC,"Population, total",2389129523.0,2428529757.0,2468136919.0,2507929642.0,2548154994.0,2588455505.0,2628465458.0,2668772179.0,2709173405.0,2749824313.0,2790617792.0
population,138,Low & middle income,LMY,"Population, total",5447074438.0,5519916433.0,5593451949.0,5667768723.0,5742542545.0,5818138003.0,5894258056.0,5971273930.0,6048822070.0,6126712584.0,6205233900.0
population,139,Lesotho,LSO,"Population, total",1989939.0,1986922.0,1987129.0,1990131.0,1995581.0,2003787.0,2014990.0,2028519.0,2043437.0,2059021.0,2075001.0
population,140,Late-demographic dividend,LTE,"Population, total",2127750972.0,2140907330.0,2154245139.0,2167842734.0,2180828823.0,2193830154.0,2206931627.0,2220297520.0,2233867635.0,2247409050.0,2261412980.0
population,141,Lithuania,LTU,"Population, total",3269909.0,3231294.0,3198231.0,3162916.0,3097282.0,3028115.0,2987773.0,2957689.0,2932367.0,2904910.0,2868231.0
population,142,Luxembourg,LUX,"Population, total",472637.0,479993.0,488650.0,497783.0,506953.0,518347.0,530946.0,543360.0,556319.0,569604.0,582014.0
population,143,Latvia,LVA,"Population, total",2218357.0,2200325.0,2177322.0,2141669.0,2097555.0,2059709.0,2034319.0,2012647.0,1993782.0,1977527.0,1959537.0
population,144,"Macao SAR, China",MAC,"Population, total",493799.0,504511.0,515239.0,526400.0,538219.0,550832.0,564039.0,577372.0,590208.0,602085.0,612836.0
population,145,St. Martin (French part),MAF,"Population, total",35237.0,36137.0,36885.0,37377.0,37582.0,37446.0,37009.0,36453.0,36015.0,35858.0,36065.0
population,146,Morocco,MAR,"Population, total",30804683.0,31163673.0,31536811.0,31929087.0,32343389.0,32781850.0,33241898.0,33715693.0,34192347.0,34663603.0,35126296.0
population,147,Monaco,MCO,"Population, total",34190.0,34525.0,34872.0,35226.0,35612.0,36024.0,36460.0,36901.0,37322.0,37718.0,38070.0
population,148,Moldova,MDA,"Population, total",2880095.0,2873429.0,2867964.0,2864346.0,2861487.0,2859833.0,2859458.0,2858692.0,2856950.0,2834530.0,2802170.0
population,149,Madagascar,MDG,"Population, total",18880269.0,19433530.0,19996473.0,20569117.0,21151640.0,21743967.0,22346641.0,22961253.0,23589887.0,24234088.0,24894380.0
population,150,Maldives,MDV,"Population, total",327487.0,335169.0,343452.0,353398.0,365734.0,380495.0,397237.0,415593.0,435015.0,454915.0,475513.0
population,151,Middle East & North Africa,MEA,"Population, total",354302463.0,361929136.0,369823252.0,377883993.0,385917886.0,393944527.0,401974219.0,409977872.0,417932241.0,425821770.0,433597628.0
population,152,Mexico,MEX,"Population, total",107560153.0,109170502.0,110815271.0,112463887.0,114092963.0,115695473.0,117274155.0,118827161.0,120355128.0,121858258.0,123333376.0
population,153,Marshall Islands,MHL,"Population, total",55767.0,56051.0,56174.0,56250.0,56366.0,56531.0,56717.0,56938.0,57179.0,57439.0,57735.0
population,154,Middle income,MIC,"Population, total",4971147431.0,5030411014.0,5090127273.0,5150500972.0,5211282517.0,5272871745.0,5334922532.0,5397690332.0,5460647361.0,5523478043.0,5586453059.0
population,155,North Macedonia,MKD,"Population, total",2063131.0,2065426.0,2067313.0,2069039.0,2070741.0,2072487.0,2074278.0,2076067.0,2077775.0,2079328.0,2080745.0
population,156,Mali,MLI,"Population, total",13203378.0,13651464.0,14113577.0,14581429.0,15049353.0,15514591.0,15979499.0,16449864.0,16934220.0,17438778.0,17965429.0
population,157,Malta,MLT,"Population, total",405308.0,406724.0,409379.0,412477.0,414508.0,416268.0,420028.0,425967.0,434558.0,445053.0,455356.0
population,158,Myanmar,MMR,"Population, total",49301050.0,49621475.0,49929642.0,50250367.0,50600818.0,50990615.0,51413698.0,51852451.0,52280807.0,52680726.0,53045226.0
population,159,Middle East & North Africa (excluding high income),MNA,"Population, total",310109412.0,315573347.0,321168767.0,326900984.0,332777824.0,338814807.0,345004009.0,351299193.0,357637340.0,363975550.0,370276461.0
population,160,Montenegro,MNE,"Population, total",615025.0,615875.0,616969.0,618294.0,619428.0,620079.0,620601.0,621207.0,621810.0,622159.0,622303.0
population,161,Mongolia,MNG,"Population, total",2558856.0,2593820.0,2631898.0,2673796.0,2719896.0,2770362.0,2824699.0,2881792.0,2940108.0,2998439.0,3056359.0
population,162,Northern Mariana Islands,MNP,"Population, total",55882.0,55219.0,54625.0,54193.0,53971.0,54012.0,54311.0,54784.0,55305.0,55780.0,56188.0
population,163,Mozambique,MOZ,"Population, total",21080110.0,21673316.0,22276596.0,22894710.0,23531574.0,24187487.0,24862648.0,25560725.0,26286163.0,27042002.0,27829942.0
population,164,Mauritania,MRT,"Population, total",3111906.0,3202517.0,3296238.0,3393409.0,3494195.0,3598648.0,3706554.0,3817494.0,3930896.0,4046301.0,4163534.0
population,165,Mauritius,MUS,"Population, total",1233996.0,1239630.0,1244121.0,1247429.0,1250400.0,1252404.0,1255882.0,1258653.0,1260934.0,1262605.0,1263473.0
population,166,Malawi,MWI,"Population, total",12973699.0,13341806.0,13727890.0,14128155.0,14539612.0,14962112.0,15396005.0,15839269.0,16289540.0,16745303.0,17205289.0
population,167,Malaysia,MYS,"Population, total",26201961.0,26720370.0,27236006.0,27735040.0,28208035.0,28650955.0,29068159.0,29468872.0,29866559.0,30270962.0,30684804.0
population,168,North America,NAC,"Population, total",331015609.0,334185120.0,337406357.0,340466060.0,343391679.0,345960766.0,348610010.0,351141670.0,353803581.0,356403308.0,359115352.0
population,169,Namibia,NAM,"Population, total",1971317.0,2006514.0,2043394.0,2081044.0,2118874.0,2156701.0,2194784.0,2233510.0,2273430.0,2314904.0,2358041.0
population,170,New Caledonia,NCL,"Population, total",235750.0,239250.0,242750.0,245950.0,249750.0,254350.0,259000.0,263650.0,268050.0,272400.0,276550.0
population,171,Niger,NER,"Population, total",14143971.0,14685399.0,15250908.0,15843133.0,16464025.0,17114761.0,17795191.0,18504255.0,19240157.0,20001663.0,20788838.0
population,172,Nigeria,NGA,"Population, total",142538308.0,146339977.0,150269623.0,154324933.0,158503197.0,162805071.0,167228767.0,171765769.0,176404902.0,181137448.0,185960289.0
population,173,Nicaragua,NIC,"Population, total",5513763.0,5590055.0,5667432.0,5745526.0,5824065.0,5903039.0,5982526.0,6062454.0,6142733.0,6223240.0,6303974.0
population,174,Netherlands,NLD,"Population, total",16346101.0,16381696.0,16445593.0,16530388.0,16615394.0,16693074.0,16754962.0,16804432.0,16865008.0,16939923.0,17030314.0
population,175,Norway,NOR,"Population, total",4660677.0,4709153.0,4768212.0,4828726.0,4889252.0,4953088.0,5018573.0,5079623.0,5137232.0,5188607.0,5234519.0
population,176,Nepal,NPL,"Population, total",26066693.0,26382581.0,26666576.0,26883535.0,27013212.0,27041437.0,26989862.0,26917906.0,26906926.0,27015031.0,27261131.0
population,177,Nauru,NRU,"Population, total",9828.0,9842.0,9891.0,9939.0,10005.0,10057.0,10279.0,10821.0,11853.0,12475.0,13049.0
population,178,New Zealand,NZL,"Population, total",4184600.0,4223800.0,4259800.0,4302600.0,4350700.0,4384000.0,4408100.0,4442100.0,4509700.0,4595700.0,4693200.0
population,179,OECD members,OED,"Population, total",1250788452.0,1260210152.0,1270059584.0,1279114140.0,1287527865.0,1294064030.0,1302075111.0,1310419162.0,1319149967.0,1327822047.0,1336645071.0
population,180,Oman,OMN,"Population, total",2580758.0,2657158.0,2750963.0,2876186.0,3041434.0,3251108.0,3498029.0,3764805.0,4027260.0,4267348.0,4479219.0
population,181,Other small states,OSS,"Population, total",23486218.0,24104670.0,24762406.0,25417830.0,26050942.0,26647962.0,27227319.0,27794595.0,28364410.0,28948869.0,29542879.0
population,182,Pakistan,PAK,"Population, total",164022627.0,167808105.0,171648986.0,175525609.0,179424641.0,183340592.0,187281475.0,191262919.0,195306825.0,199426964.0,203627284.0
population,183,Panama,PAN,"Population, total",3391666.0,3453675.0,3516204.0,3579215.0,3642687.0,3706483.0,3770624.0,3835437.0,3901315.0,3968487.0,4037078.0
population,184,Peru,PER,"Population, total",28102056.0,28333052.0,28562317.0,28792655.0,29027674.0,29264318.0,29506788.0,29773987.0,30090359.0,30470734.0,30926032.0
population,185,Philippines,PHL,"Population, total",87888675.0,89405482.0,90901965.0,92414158.0,93966780.0,95570047.0,97212638.0,98871552.0,100513138.0,102113212.0,103663927.0
population,186,Palau,PLW,"Population, total",19540.0,19158.0,18704.0,18285.0,17955.0,17745.0,17640.0,17606.0,17626.0,17665.0,17725.0
population,187,Papua New Guinea,PNG,"Population, total",6646895.0,6808514.0,6976201.0,7144776.0,7310507.0,7472200.0,7631002.0,7788379.0,7946731.0,8107775.0,8271760.0
population,188,Poland,POL,"Population, total",38141267.0,38120560.0,38125759.0,38151603.0,38042794.0,38063255.0,38063164.0,38040196.0,38011735.0,37986412.0,37970087.0
population,189,Pre-demographic dividend,PRE,"Population, total",653695022.0,672318833.0,691447610.0,711257522.0,731868772.0,753326798.0,775573001.0,798495530.0,821931240.0,845759344.0,869943914.0
population,190,Puerto Rico,PRI,"Population, total",3805214.0,3782995.0,3760866.0,3740410.0,3721525.0,3678732.0,3634488.0,3593077.0,3534874.0,3473232.0,3406672.0
population,191,"Korea, Dem. Peopleâ€™s Rep.",PRK,"Population, total",24054864.0,24188331.0,24310142.0,24428341.0,24548836.0,24673385.0,24800612.0,24929452.0,25057752.0,25183833.0,25307744.0
population,192,Portugal,PRT,"Population, total",10522288.0,10542964.0,10558177.0,10568247.0,10573100.0,10557560.0,10514844.0,10457295.0,10401062.0,10358076.0,10325452.0
population,193,Paraguay,PRY,"Population, total",5913209.0,5998427.0,6081296.0,6163972.0,6248020.0,6333976.0,6421512.0,6510276.0,6599526.0,6688746.0,6777872.0
population,194,West Bank and Gaza,PSE,"Population, total",3406334.0,3494496.0,3591977.0,3689099.0,3786161.0,3882986.0,3979998.0,4076708.0,4173398.0,4270092.0,4367088.0
population,195,Pacific island small states,PSS,"Population, total",2100869.0,2128664.0,2157454.0,2186314.0,2214519.0,2241798.0,2268708.0,2296101.0,2325136.0,2355672.0,2388307.0
population,196,Post-demographic dividend,PST,"Population, total",1052054839.0,1057981931.0,1064394156.0,1069878414.0,1074865103.0,1077815367.0,1082327434.0,1087064112.0,1091996107.0,1096860060.0,1101715022.0
population,197,French Polynesia,PYF,"Population, total",261010.0,262721.0,264061.0,265254.0,266455.0,267698.0,268998.0,270328.0,271705.0,273124.0,274575.0
population,198,Qatar,QAT,"Population, total",1022711.0,1218434.0,1436665.0,1654950.0,1856327.0,2035871.0,2196074.0,2336574.0,2459198.0,2565710.0,2654374.0
population,199,Romania,ROU,"Population, total",21193760.0,20882982.0,20537875.0,20367487.0,20246871.0,20147528.0,20058035.0,19983693.0,19908979.0,19815616.0,19702267.0
population,200,Russian Federation,RUS,"Population, total",143049637.0,142805114.0,142742366.0,142785349.0,142849468.0,142960908.0,143201721.0,143506995.0,143819666.0,144096870.0,144342396.0
population,201,Rwanda,RWA,"Population, total",9043337.0,9273757.0,9524534.0,9782770.0,10039338.0,10293331.0,10549678.0,10811543.0,11083635.0,11369071.0,11668818.0
population,202,South Asia,SAS,"Population, total",1543610696.0,1568003159.0,1592010819.0,1615610198.0,1638792934.0,1661534412.0,1683747130.0,1705772050.0,1727640967.0,1749417068.0,1771167194.0
population,203,Saudi Arabia,SAU,"Population, total",24498310.0,25184597.0,25888541.0,26630303.0,27421461.0,28267685.0,29155187.0,30052518.0,30916994.0,31717667.0,32442572.0
population,204,Sudan,SDN,"Population, total",31661823.0,32360621.0,33060837.0,33783788.0,34545013.0,35349681.0,36193783.0,37072550.0,37977655.0,38902950.0,39847440.0
population,205,Senegal,SEN,"Population, total",11382268.0,11687080.0,12004701.0,12335084.0,12678148.0,13033809.0,13401991.0,13782420.0,14174731.0,14578459.0,14993528.0
population,206,Singapore,SGP,"Population, total",4401365.0,4588599.0,4839396.0,4987573.0,5076732.0,5183688.0,5312437.0,5399162.0,5469724.0,5535002.0,5607283.0
population,207,Solomon Islands,SLB,"Population, total",481078.0,492132.0,503360.0,515181.0,527861.0,541521.0,556064.0,571335.0,587079.0,603118.0,619437.0
population,208,Sierra Leone,SLE,"Population, total",5829237.0,5989633.0,6133603.0,6272734.0,6415634.0,6563240.0,6712581.0,6863980.0,7017144.0,7171914.0,7328838.0
population,209,El Salvador,SLV,"Population, total",6079399.0,6105810.0,6131764.0,6157686.0,6183875.0,6210568.0,6237923.0,6266070.0,6295128.0,6325124.0,6356143.0
population,210,San Marino,SMR,"Population, total",29700.0,30063.0,30434.0,30816.0,31229.0,31661.0,32105.0,32553.0,32948.0,33272.0,33504.0
population,211,Somalia,SOM,"Population, total",10763905.0,11080121.0,11397188.0,11717692.0,12043883.0,12376302.0,12715510.0,13063706.0,13423576.0,13797201.0,14185613.0
population,212,Serbia,SRB,"Population, total",7411569.0,7381579.0,7350222.0,7320807.0,7291436.0,7234099.0,7199077.0,7164132.0,7130576.0,7095383.0,7058322.0
population,213,Sub-Saharan Africa (excluding high income),SSA,"Population, total",778248224.0,799583871.0,821614380.0,844320487.0,867684936.0,891706327.0,916382788.0,941692468.0,967607494.0,994102454.0,1021168391.0
population,214,South Sudan,SSD,"Population, total",7907406.0,8315139.0,8736939.0,9142259.0,9508364.0,9830698.0,10113647.0,10355036.0,10554883.0,10715658.0,10832512.0
population,215,Sub-Saharan Africa,SSF,"Population, total",779566820.0,800908534.0,822945457.0,845655214.0,869025106.0,893046172.0,917726973.0,943041070.0,968959787.0,995458478.0,1022526541.0
population,216,Small states,SST,"Population, total",32375201.0,33066718.0,33798830.0,34529598.0,35238657.0,35912140.0,36568688.0,37214029.0,37862988.0,38526747.0,39200571.0
population,217,Sao Tome and Principe,STP,"Population, total",161681.0,166300.0,171120.0,175876.0,180371.0,184524.0,188404.0,192087.0,195727.0,199432.0,203227.0
population,218,Suriname,SUR,"Population, total",505292.0,511181.0,517122.0,523113.0,529126.0,535177.0,541247.0,547295.0,553278.0,559136.0,564883.0
population,219,Slovak Republic,SVK,"Population, total",5373054.0,5374622.0,5379233.0,5386406.0,5391428.0,5398384.0,5407579.0,5413393.0,5418649.0,5423801.0,5430798.0
population,220,Slovenia,SVN,"Population, total",2006868.0,2018122.0,2021316.0,2039669.0,2048583.0,2052843.0,2057159.0,2059953.0,2061980.0,2063531.0,2065042.0
population,221,Sweden,SWE,"Population, total",9080505.0,9148092.0,9219637.0,9298515.0,9378126.0,9449213.0,9519374.0,9600379.0,9696110.0,9799186.0,9923085.0
population,222,Eswatini,SWZ,"Population, total",1036092.0,1042652.0,1049945.0,1057467.0,1064837.0,1072032.0,1079288.0,1086839.0,1095021.0,1104044.0,1113984.0
population,223,Sint Maarten (Dutch part),SXM,"Population, total",33441.0,33811.0,33964.0,34238.0,34056.0,33435.0,34640.0,36607.0,37685.0,38825.0,39969.0
population,224,Seychelles,SYC,"Population, total",84600.0,85033.0,86956.0,87298.0,89770.0,87441.0,88303.0,89949.0,91359.0,93419.0,94677.0
population,225,Syrian Arab Republic,SYR,"Population, total",19059258.0,19878254.0,20664038.0,21205873.0,21362529.0,21082966.0,20442541.0,19584274.0,18715672.0,17997408.0,17453933.0
population,226,Turks and Caicos Islands,TCA,"Population, total",29391.0,30385.0,31202.0,31934.0,32660.0,33377.0,34066.0,34731.0,35369.0,35981.0,36559.0
population,227,Chad,TCD,"Population, total",10457124.0,10818024.0,11183588.0,11560147.0,11952136.0,12360989.0,12784750.0,13220424.0,13663559.0,14110975.0,14561666.0
population,228,East Asia & Pacific (IDA & IBRD countries),TEA,"Population, total",1885806859.0,1899800530.0,1913718210.0,1927560609.0,1941377349.0,1955334267.0,1969562739.0,1983964453.0,1998513398.0,2012980531.0,2027771091.0
population,229,Europe & Central Asia (IDA & IBRD countries),TEC,"Population, total",434964326.0,435646364.0,436725144.0,438498958.0,440420861.0,442656487.0,444898523.0,447368356.0,449819913.0,452301305.0,454717187.0
population,230,Togo,TGO,"Population, total",5762880.0,5920359.0,6083420.0,6250835.0,6421679.0,6595943.0,6773807.0,6954721.0,7137997.0,7323158.0,7509952.0
population,231,Thailand,THA,"Population, total",65812536.0,66182067.0,66530984.0,66866839.0,67195028.0,67518382.0,67835957.0,68144501.0,68438730.0,68714511.0,68971331.0
population,232,Tajikistan,TJK,"Population, total",6922587.0,7062672.0,7209930.0,7364753.0,7527394.0,7697510.0,7874835.0,8059769.0,8252833.0,8454028.0,8663579.0
population,233,Turkmenistan,TKM,"Population, total",4810109.0,4870141.0,4935767.0,5007954.0,5087213.0,5174085.0,5267900.0,5366375.0,5466328.0,5565287.0,5662372.0
population,234,Latin America & the Caribbean (IDA & IBRD countries),TLA,"Population, total",547139425.0,553909968.0,560624659.0,567289601.0,573800630.0,580428962.0,587001215.0,593509457.0,599937483.0,606271969.0,612506457.0
population,235,Timor-Leste,TLS,"Population, total",1016432.0,1036392.0,1055431.0,1074277.0,1093523.0,1113151.0,1132994.0,1153295.0,1174331.0,1196302.0,1219288.0
population,236,Middle East & North Africa (IDA & IBRD countries),TMN,"Population, total",306703078.0,312078851.0,317576790.0,323211885.0,328991663.0,334931821.0,341024011.0,347222485.0,353463942.0,359705458.0,365909373.0
population,237,Tonga,TON,"Population, total",101706.0,102581.0,103379.0,103890.0,103986.0,103562.0,102737.0,101768.0,101028.0,100781.0,101133.0
population,238,South Asia (IDA & IBRD),TSA,"Population, total",1543610696.0,1568003159.0,1592010819.0,1615610198.0,1638792934.0,1661534412.0,1683747130.0,1705772050.0,1727640967.0,1749417068.0,1771167194.0
population,239,Sub-Saharan Africa (IDA & IBRD countries),TSS,"Population, total",779566820.0,800908534.0,822945457.0,845655214.0,869025106.0,893046172.0,917726973.0,943041070.0,968959787.0,995458478.0,1022526541.0
population,240,Trinidad and Tobago,TTO,"Population, total",1302561.0,1308451.0,1314443.0,1320930.0,1328147.0,1336178.0,1344817.0,1353700.0,1362342.0,1370328.0,1377564.0
population,241,Tunisia,TUN,"Population, total",10201214.0,10304726.0,10414433.0,10525694.0,10635244.0,10741880.0,10847002.0,10952951.0,11063201.0,11179949.0,11303946.0
population,242,Turkey,TUR,"Population, total",68756810.0,69581848.0,70418604.0,71321399.0,72326988.0,73443863.0,74653016.0,75928564.0,77231907.0,78529409.0,79821724.0
population,243,Tuvalu,TUV,"Population, total",10120.0,10221.0,10314.0,10424.0,10530.0,10633.0,10739.0,10857.0,10972.0,11099.0,11225.0
population,244,Tanzania,TZA,"Population, total",39548663.0,40681414.0,41853944.0,43073834.0,44346525.0,45673338.0,47052481.0,48482266.0,49959822.0,51482633.0,53050790.0
population,245,Uganda,UGA,"Population, total",28571475.0,29486338.0,30431736.0,31411096.0,32428167.0,33476919.0,34559168.0,35695246.0,36912148.0,38225453.0,39647506.0
population,246,Ukraine,UKR,"Population, total",46787786.0,46509355.0,46258189.0,46053331.0,45870741.0,45706086.0,45593342.0,45489648.0,45272156.0,45154036.0,45004674.0
population,247,Upper middle income,UMC,"Population, total",2582017908.0,2601881257.0,2621990354.0,2642571330.0,2663127523.0,2684416240.0,2706457074.0,2728918153.0,2751473956.0,2773653730.0,2795835267.0
population,248,Uruguay,URY,"Population, total",3325401.0,3331749.0,3340221.0,3349676.0,3359275.0,3368934.0,3378974.0,3389439.0,3400434.0,3412009.0,3424132.0
population,249,United States,USA,"Population, total",298379912.0,301231207.0,304093966.0,306771529.0,309321666.0,311556874.0,313830990.0,315993715.0,318301008.0,320635163.0,322941311.0
population,250,Uzbekistan,UZB,"Population, total",26488250.0,26868000.0,27302800.0,27767400.0,28562400.0,29339400.0,29774500.0,30243200.0,30757700.0,31298900.0,31847900.0
population,251,St. Vincent and the Grenadines,VCT,"Population, total",108603.0,108518.0,108393.0,108287.0,108255.0,108316.0,108435.0,108622.0,108861.0,109148.0,109459.0
population,252,"Venezuela, RB",VEN,"Population, total",26850194.0,27247610.0,27635832.0,28031009.0,28439940.0,28888369.0,29362449.0,29783571.0,30045134.0,30081829.0,29846179.0
population,253,British Virgin Islands,VGB,"Population, total",24023.0,25047.0,26097.0,27039.0,27794.0,28319.0,28650.0,28847.0,28989.0,29152.0,29355.0
population,254,Virgin Islands (U.S.),VIR,"Population, total",108371.0,108339.0,108399.0,108405.0,108358.0,108292.0,108191.0,108044.0,107884.0,107710.0,107510.0
population,255,Vietnam,VNM,"Population, total",84617540.0,85419591.0,86243413.0,87092252.0,87967651.0,88871561.0,89802487.0,90753472.0,91714595.0,92677076.0,93638724.0
population,256,Vanuatu,VUT,"Population, total",214370.0,219472.0,224704.0,230247.0,236211.0,242653.0,249499.0,256635.0,263888.0,271130.0,278330.0
population,257,World,WLD,"Population, total",6592734537.0,6674203645.0,6756917893.0,6839574286.0,6921871603.0,7002860245.0,7085762277.0,7169638368.0,7254226881.0,7338964954.0,7424286143.0
population,258,Samoa,WSM,"Population, total",180876.0,182046.0,183263.0,184556.0,185949.0,187469.0,189088.0,190717.0,192221.0,193513.0,194535.0
population,259,Kosovo,XKX,"Population, total",1719536.0,1733404.0,1747383.0,1761474.0,1775680.0,1791000.0,1807106.0,1818117.0,1812771.0,1788196.0,1777557.0
population,260,"Yemen, Rep.",YEM,"Population, total",20687646.0,21282515.0,21892146.0,22516460.0,23154855.0,23807588.0,24473178.0,25147109.0,25823485.0,26497889.0,27168210.0
population,261,South Africa,ZAF,"Population, total",48489459.0,49119759.0,49779471.0,50477011.0,51216964.0,52004172.0,52834005.0,53689236.0,54545991.0,55386367.0,56203654.0
population,262,Zambia,ZMB,"Population, total",12173514.0,12502958.0,12848530.0,13215139.0,13605984.0,14023193.0,14465121.0,14926504.0,15399753.0,15879361.0,16363507.0
population,263,Zimbabwe,ZWE,"Population, total",12155491.0,12255922.0,12379549.0,12526968.0,12697723.0,12894316.0,13115131.0,13350356.0,13586681.0,13814629.0,14030390.0
